Keyword,Volume,CPC,Word count,Allintitle,Golden Score,PPC Competition,Trending
"=""garena""","=""1000000""","=""0.21""","=""1""","=""0""","=""1""","=""Low""","=""false"""
"=""zing""","=""823000""","=""1.92""","=""1""","=""0""","=""1""","=""Low""","=""false"""
"=""""2026""","=""673000""","=""0.19""","=""1""","=""""","=""""","=""Low""","=""true"""
"=""thế giới hoàn mỹ""""","=""110000""","=""0.98""","=""4""","=""""","=""""","=""Low""","=""false"""
"=""""2025""","=""60500""","=""0.02""","=""1""","=""0""","=""1""","=""Low""","=""false"""
"=""2025""","=""60500""","=""0.02""","=""1""","=""1""","=""1""","=""Low""","=""false"""
"=""naruto""""","=""60500""","=""0.46""","=""1""","=""""","=""""","=""Low""","=""false"""
"=""truy kích""""","=""33100""","=""0.26""","=""2""","=""""","=""""","=""Low""","=""false"""
"=""đấu la đại lục""","=""27100""","=""0""","=""4""","=""0""","=""1""","=""Low""","=""false"""
"=""zenless zone zero""","=""18100""","=""0.26""","=""3""","=""0""","=""1""","=""Low""","=""false"""
"=""tru tiên""","=""18100""","=""1.43""","=""2""","=""0""","=""1""","=""Low""","=""true"""
"=""đảo hải tặc""""","=""18100""","=""0.35""","=""3""","=""""","=""""","=""Low""","=""false"""
"=""$coin""","=""14800""","=""0.76""","=""1""","=""0""","=""1""","=""Low""","=""false"""
"=""rise of kingdoms""","=""14800""","=""182.44""","=""3""","=""0""","=""1""","=""Low""","=""false"""
"=""candy""","=""14800""","=""0.43""","=""1""","=""0""","=""1""","=""Low""","=""false"""
"=""đột kích""","=""12100""","=""0.41""","=""2""","=""0""","=""1""","=""Low""","=""false"""
"=""cờ cá ngựa""","=""12100""","=""0""","=""3""","=""0""","=""1""","=""Low""","=""false"""
"=""7 viên ngọc rồng""","=""12100""","=""0.31""","=""4""","=""""","=""""","=""Low""","=""false"""
"=""gosu""","=""9900""","=""2.34""","=""1""","=""0""","=""1""","=""Low""","=""false"""
"=""""2020""","=""9900""","=""0""","=""1""","=""0""","=""1""","=""Low""","=""false"""
"=""2020""","=""9900""","=""0""","=""1""","=""0""","=""1""","=""Low""","=""false"""
"=""đại chúa tể""","=""9900""","=""0.24""","=""3""","=""""","=""""","=""Low""","=""false"""
"=""bit""","=""8100""","=""0.17""","=""1""","=""0""","=""1""","=""Low""","=""false"""
"=""2024""","=""8100""","=""0.26""","=""1""","=""0""","=""1""","=""Low""","=""false"""
"=""""2024""","=""8100""","=""0.26""","=""1""","=""0""","=""1""","=""Low""","=""false"""
"=""mu đại thiên sứ h5""","=""8100""","=""0.66""","=""5""","=""0""","=""1""","=""Low""","=""false"""
"=""2023""","=""6600""","=""0.15""","=""1""","=""0""","=""1""","=""Low""","=""false"""
"=""eggy party""","=""6600""","=""0.03""","=""2""","=""0""","=""1""","=""Low""","=""false"""
"=""""2023""","=""6600""","=""0.15""","=""1""","=""0""","=""1""","=""Low""","=""false"""
"=""người trong giang hồ""","=""6600""","=""0""","=""4""","=""0""","=""1""","=""Low""","=""false"""
"=""bách luyện thành thần""","=""6600""","=""0""","=""4""","=""""","=""""","=""Low""","=""false"""
"=""thời đại anh hùng""","=""5400""","=""1.52""","=""4""","=""0""","=""1""","=""Low""","=""true"""
"=""tiểu yêu tầm đạo""","=""5400""","=""0""","=""4""","=""0""","=""1""","=""Low""","=""false"""
"=""2022""","=""5400""","=""0""","=""1""","=""0""","=""1""","=""Low""","=""false"""
"=""con đường tơ lụa""","=""5400""","=""0.37""","=""4""","=""0""","=""1""","=""Low""","=""true"""
"=""2021""","=""5400""","=""0""","=""1""","=""0""","=""1""","=""Low""","=""false"""
"=""""2021""","=""5400""","=""0""","=""1""","=""0""","=""1""","=""Low""","=""false"""
"=""2018""","=""5400""","=""0""","=""1""","=""0""","=""1""","=""Low""","=""false"""
"=""kỳ vương""""","=""5400""","=""0.1""","=""2""","=""0""","=""1""","=""Low""","=""false"""
"=""""2018""","=""5400""","=""0""","=""1""","=""""","=""""","=""Low""","=""false"""
"=""""2022""","=""5400""","=""0""","=""1""","=""""","=""""","=""Low""","=""false"""
"=""haki huyền thoại""","=""5400""","=""0""","=""3""","=""""","=""""","=""Low""","=""false"""
"=""chú bé rồng""","=""5400""","=""0""","=""3""","=""""","=""""","=""Low""","=""true"""
"=""anh hùng xạ điêu""","=""4400""","=""0.44""","=""4""","=""0""","=""1""","=""Low""","=""false"""
"=""2019""","=""4400""","=""0""","=""1""","=""0""","=""1""","=""Low""","=""false"""
"=""võ hiệp truyền kỳ 2""","=""4400""","=""0.55""","=""5""","=""""","=""""","=""Low""","=""false"""
"=""hơi thở mặt trời""","=""3600""","=""0""","=""4""","=""0""","=""1""","=""Low""","=""false"""
"=""hải tặc đại chiến""","=""3600""","=""0.6""","=""4""","=""""","=""""","=""Low""","=""false"""
"=""vương giả thiên hạ""","=""3600""","=""0""","=""4""","=""""","=""""","=""Low""","=""false"""
"=""pocket mega""""","=""3600""","=""0""","=""2""","=""""","=""""","=""Low""","=""false"""
"=""lords mobile""","=""2900""","=""1.29""","=""2""","=""0""","=""1""","=""Low""","=""false"""
"=""huyền thoại làng lá""","=""2900""","=""0""","=""4""","=""0""","=""1""","=""Low""","=""true"""
"=""thời đại hiệp sĩ""","=""2900""","=""0.89""","=""4""","=""""","=""""","=""Low""","=""false"""
"=""""thẻ game:""","=""2400""","=""0.11""","=""2""","=""116""","=""2.15""","=""Low""","=""false"""
"=""chiến binh idle""","=""2400""","=""0""","=""3""","=""0""","=""1""","=""Low""","=""false"""
"=""cửu âm chân kinh""","=""2400""","=""0.61""","=""4""","=""""","=""""","=""Low""","=""false"""
"=""""nguyệt mộng""","=""2400""","=""0.02""","=""2""","=""""","=""""","=""Low""","=""false"""
"=""tam quốc chí""","=""1900""","=""0.69""","=""3""","=""0""","=""1""","=""Medium""","=""false"""
"=""cướp biển vùng carribean""","=""1900""","=""0""","=""4""","=""0""","=""1""","=""Low""","=""false"""
"=""vây hãm""","=""1600""","=""0""","=""2""","=""0""","=""1""","=""Low""","=""false"""
"=""tân ỷ thiên đồ long ký""","=""1600""","=""0.43""","=""6""","=""0""","=""1""","=""Low""","=""false"""
"=""nhất niệm tiêu dao""","=""1600""","=""1.34""","=""4""","=""0""","=""1""","=""Low""","=""true"""
"=""game đế chế""","=""1600""","=""1.66""","=""3""","=""""","=""""","=""Low""","=""false"""
"=""tam quốc chí – chiến lược""","=""1300""","=""1.53""","=""6""","=""0""","=""1""","=""Low""","=""false"""
"=""chiến giới 4d""","=""1300""","=""0.96""","=""3""","=""0""","=""1""","=""Low""","=""false"""
"=""chinh đồ origin""""","=""1300""","=""1.38""","=""3""","=""0""","=""1""","=""Low""","=""false"""
"=""vua pháp thuật""""","=""1300""","=""0""","=""3""","=""0""","=""1""","=""Low""","=""true"""
"=""học viện ninja""","=""1300""","=""0.4""","=""3""","=""""","=""""","=""Low""","=""true"""
"=""hải tặc tí hon""","=""1300""","=""0""","=""4""","=""""","=""""","=""Low""","=""true"""
"=""rồng thần siêu cấp""","=""1000""","=""0""","=""4""","=""0""","=""1""","=""Low""","=""false"""
"=""thiếu niên vô song""","=""1000""","=""0""","=""4""","=""0""","=""1""","=""Low""","=""false"""
"=""thượng cổ truyền kỳ""""","=""1000""","=""0.39""","=""4""","=""0""","=""1""","=""Low""","=""false"""
"=""vcoin""","=""880""","=""0.76""","=""1""","=""0""","=""1""","=""Low""","=""false"""
"=""đạo hữu xin dừng bước""","=""880""","=""0.55""","=""5""","=""0""","=""1""","=""Low""","=""true"""
"=""gomu huyền thoại""""","=""880""","=""0""","=""3""","=""0""","=""1""","=""Low""","=""false"""
"=""viking rise""","=""880""","=""2.19""","=""2""","=""0""","=""1""","=""Low""","=""false"""
"=""thế giới hải tặc""","=""880""","=""0""","=""4""","=""0""","=""1""","=""Low""","=""false"""
"=""kiếm vương""","=""880""","=""0.69""","=""2""","=""0""","=""1""","=""Low""","=""false"""
"=""lục địa loren""","=""880""","=""0""","=""3""","=""0""","=""1""","=""Low""","=""false"""
"=""ngôi sao showbiz""","=""880""","=""0""","=""3""","=""""","=""""","=""Low""","=""false"""
"=""pixel đại chiến""","=""880""","=""0""","=""3""","=""""","=""""","=""Low""","=""false"""
"=""nấm lùn tiến lên""","=""720""","=""3.36""","=""4""","=""0""","=""1""","=""Low""","=""true"""
"=""hành trình afk""","=""720""","=""2.94""","=""3""","=""0""","=""1""","=""Low""","=""false"""
"=""siêu đại chiến""","=""720""","=""0""","=""3""","=""0""","=""1""","=""Low""","=""false"""
"=""chiến binh siêu cấp""","=""720""","=""0""","=""4""","=""0""","=""1""","=""Low""","=""false"""
"=""khí phách anh hùng""""","=""720""","=""1.29""","=""4""","=""""","=""""","=""Low""","=""false"""
"=""thử thách sinh tồn""","=""590""","=""0""","=""4""","=""0""","=""1""","=""Low""","=""false"""
"=""đấu la đại lục: hồn sư đối quyết""","=""590""","=""0""","=""8""","=""0""","=""1""","=""Low""","=""false"""
"=""phantim blade""","=""590""","=""0""","=""2""","=""0""","=""1""","=""Low""","=""true"""
"=""ngạo kiếm vô song mobile""","=""590""","=""1.61""","=""5""","=""""","=""""","=""Low""","=""false"""
"=""hiệp kiếm mobile""""","=""590""","=""1.04""","=""3""","=""""","=""""","=""Low""","=""false"""
"=""funcard""","=""480""","=""0.06""","=""1""","=""0""","=""1.001""","=""Low""","=""false"""
"=""tay đua tuyệt đỉnh""","=""480""","=""0""","=""4""","=""0""","=""1.001""","=""Low""","=""false"""
"=""tam quốc x""","=""480""","=""0.55""","=""3""","=""0""","=""1.001""","=""Low""","=""false"""
"=""ta là quan lão gia""","=""480""","=""0""","=""5""","=""0""","=""1.001""","=""Low""","=""false"""
"=""doomsday: last survivors""","=""480""","=""0""","=""3""","=""0""","=""1.001""","=""Low""","=""false"""
"=""miêu đế tam quốc""","=""480""","=""0.38""","=""4""","=""""","=""""","=""Low""","=""false"""
"=""bleach cộng hưởng linh hồn""","=""480""","=""0""","=""5""","=""""","=""""","=""Low""","=""false"""
"=""vgplay""","=""390""","=""0""","=""1""","=""0""","=""1.001""","=""Low""","=""false"""
"=""đại hiệp tap tap""","=""390""","=""0""","=""4""","=""0""","=""1.001""","=""Low""","=""false"""
"=""phượng hoàng cẩm tú""","=""390""","=""0""","=""4""","=""0""","=""1.001""","=""Low""","=""false"""
"=""game of thrones: winter is coming""","=""390""","=""0.36""","=""6""","=""0""","=""1.001""","=""Low""","=""false"""
"=""kiếm vực 3d""","=""390""","=""1.2""","=""3""","=""0""","=""1.001""","=""Low""","=""false"""
"=""vùng đất huyền bí""","=""390""","=""0""","=""4""","=""0""","=""1.001""","=""Low""","=""false"""
"=""kiếm thánh""","=""390""","=""0""","=""2""","=""""","=""""","=""Low""","=""false"""
"=""phong vân truyền kỳ""","=""390""","=""0.42""","=""4""","=""""","=""""","=""Low""","=""true"""
"=""tiểu bá vương""","=""390""","=""0""","=""3""","=""""","=""""","=""Low""","=""false"""
"=""đấu phá mobile""","=""320""","=""0""","=""3""","=""0""","=""1.001""","=""Low""","=""false"""
"=""mu: vượt thời đại""","=""320""","=""0.88""","=""4""","=""0""","=""1.001""","=""Low""","=""true"""
"=""kiếm ma 3d""","=""320""","=""0.53""","=""3""","=""0""","=""1.001""","=""Low""","=""false"""
"=""huyết ảnh song sinh""","=""320""","=""1.62""","=""4""","=""0""","=""1.001""","=""Low""","=""false"""
"=""đại chiến lục đạo""","=""320""","=""0""","=""4""","=""0""","=""1.001""","=""Low""","=""false"""
"=""vương quốc kiến""","=""320""","=""0""","=""3""","=""0""","=""1.001""","=""Low""","=""false"""
"=""đấu thần tuyệt thế""","=""320""","=""0.31""","=""4""","=""0""","=""1.001""","=""Low""","=""false"""
"=""binh đoàn z""","=""320""","=""3.32""","=""3""","=""0""","=""1.001""","=""Low""","=""false"""
"=""bản năng vô cực""","=""320""","=""0""","=""4""","=""0""","=""1.001""","=""Low""","=""false"""
"=""bảo bối huyền thoại""","=""320""","=""0""","=""4""","=""""","=""""","=""Low""","=""false"""
"=""kiếm hiệp tình 2 mobile""","=""320""","=""0.85""","=""5""","=""""","=""""","=""Low""","=""false"""
"=""siêu năng tam quốc""","=""260""","=""0.64""","=""4""","=""0""","=""1.001""","=""Low""","=""true"""
"=""vương quốc chuột chũi""","=""260""","=""0""","=""4""","=""0""","=""1.001""","=""Low""","=""true"""
"=""thần thú go""","=""260""","=""0""","=""3""","=""0""","=""1.001""","=""Low""","=""false"""
"=""mega đại chiến""","=""260""","=""0""","=""3""","=""0""","=""1.001""","=""Low""","=""false"""
"=""loạn chiến mobile""""","=""260""","=""1.55""","=""3""","=""0""","=""1.001""","=""Low""","=""false"""
"=""phong vương""","=""260""","=""0""","=""2""","=""0""","=""1.001""","=""Low""","=""true"""
"=""đội hình tối thượng""","=""260""","=""0""","=""4""","=""0""","=""1.001""","=""Low""","=""false"""
"=""đỉnh phong tam quốc""","=""260""","=""0.97""","=""4""","=""""","=""""","=""Low""","=""false"""
"=""kho báu huyền thoại""","=""260""","=""0""","=""4""","=""""","=""""","=""Low""","=""false"""
"=""chân long 2016""","=""260""","=""0""","=""3""","=""""","=""""","=""Low""","=""false"""
"=""mộng tây du""","=""260""","=""0""","=""3""","=""""","=""""","=""Low""","=""false"""
"=""ngũ long tranh bá""","=""260""","=""0""","=""4""","=""""","=""""","=""Low""","=""false"""
"=""3q triệu hoán sư""","=""210""","=""0""","=""4""","=""0""","=""1.001""","=""Low""","=""false"""
"=""thánh địa afk""","=""210""","=""0""","=""3""","=""0""","=""1.001""","=""Low""","=""false"""
"=""chiến binh tối thượng""","=""210""","=""0""","=""4""","=""""","=""""","=""Low""","=""false"""
"=""bá đạo anh hùng""","=""210""","=""0""","=""4""","=""""","=""""","=""Low""","=""false"""
"=""hải tặc mạnh nhất""","=""210""","=""0""","=""4""","=""""","=""""","=""Low""","=""false"""
"=""sơn thủy phân tranh""","=""210""","=""0""","=""4""","=""""","=""""","=""Low""","=""false"""
"=""phàm nhân tu tiên duyên khởi""","=""170""","=""6.65""","=""6""","=""0""","=""1.001""","=""Low""","=""false"""
"=""king's choice""","=""170""","=""0""","=""2""","=""0""","=""1.001""","=""Low""","=""false"""
"=""rise of the kings""","=""170""","=""3.65""","=""4""","=""0""","=""1.001""","=""Low""","=""false"""
"=""tiếu ngạo gamota""","=""170""","=""0""","=""3""","=""0""","=""1.001""","=""Low""","=""false"""
"=""bá đạo tam quốc""""","=""170""","=""0.84""","=""4""","=""0""","=""1.001""","=""Low""","=""false"""
"=""song kiếm loạn vũ""","=""170""","=""1.48""","=""4""","=""0""","=""1.001""","=""Low""","=""false"""
"=""thức tỉnh haki""""","=""170""","=""0""","=""3""","=""""","=""""","=""Low""","=""true"""
"=""đảo quái thú""","=""170""","=""0""","=""3""","=""""","=""""","=""Low""","=""false"""
"=""thợ săn ma 3d""""","=""170""","=""0""","=""4""","=""""","=""""","=""Low""","=""true"""
"=""phàm nhân ngự linh truyện""""","=""170""","=""0""","=""5""","=""""","=""""","=""Low""","=""false"""
"=""ragnarok: huyền thoại mmo""""","=""170""","=""0""","=""4""","=""""","=""""","=""Low""","=""false"""
"=""thú kỳ huyền""","=""140""","=""0""","=""3""","=""0""","=""1.001""","=""Low""","=""false"""
"=""tân 3q truyền kỳ""","=""140""","=""0""","=""4""","=""0""","=""1.001""","=""Low""","=""false"""
"=""thiếu niên anh hùng""","=""140""","=""0""","=""4""","=""0""","=""1.001""","=""Low""","=""false"""
"=""ỷ thiên""","=""140""","=""0""","=""2""","=""0""","=""1.001""","=""Low""","=""false"""
"=""ninja siêu cấp""","=""140""","=""0""","=""3""","=""0""","=""1.001""","=""Low""","=""false"""
"=""chiến binh huyền thoại""""","=""140""","=""0""","=""4""","=""0""","=""1.001""","=""Low""","=""false"""
"=""đại hiệp truyện""","=""140""","=""0""","=""3""","=""0""","=""1.001""","=""Low""","=""false"""
"=""chúa công chạy mau""","=""140""","=""0""","=""4""","=""""","=""""","=""Low""","=""false"""
"=""piggy go""","=""110""","=""0.28""","=""2""","=""0""","=""1.002""","=""Low""","=""false"""
"=""đại chiến siêu anh hùng""","=""110""","=""0""","=""5""","=""0""","=""1.002""","=""Low""","=""true"""
"=""thần vương chi mộng""","=""110""","=""0.91""","=""4""","=""0""","=""1.002""","=""Low""","=""false"""
"=""phong lăng thiên hạ""","=""110""","=""0""","=""4""","=""0""","=""1.002""","=""Low""","=""false"""
"=""long ngữ sương thành""","=""110""","=""0""","=""4""","=""0""","=""1.002""","=""Low""","=""false"""
"=""mộng kiếm tiêu dao""","=""110""","=""0""","=""4""","=""0""","=""1.002""","=""Low""","=""false"""
"=""tượng kỳ""","=""110""","=""0.07""","=""2""","=""0""","=""1.002""","=""Low""","=""false"""
"=""anh hùng tam quốc""""","=""110""","=""0.85""","=""4""","=""""","=""""","=""Low""","=""false"""
"=""vạn tiên trận""","=""110""","=""0""","=""3""","=""""","=""""","=""Low""","=""false"""
"=""one punch man: kẻ mạnh nhất""","=""110""","=""0""","=""6""","=""""","=""""","=""Low""","=""true"""
"=""đả tam quốc""""","=""110""","=""0.74""","=""3""","=""""","=""""","=""Low""","=""false"""
"=""ngự kiếm sinh tồn""""","=""110""","=""1.81""","=""4""","=""""","=""""","=""Low""","=""false"""
"=""sohacoin""","=""90""","=""0""","=""1""","=""0""","=""1.002""","=""Low""","=""false"""
"=""alo tu tiên đi""","=""90""","=""0""","=""4""","=""0""","=""1.002""","=""Low""","=""false"""
"=""nhất kiếm giang hồ mobile""","=""90""","=""1.08""","=""5""","=""0""","=""1.002""","=""Low""","=""false"""
"=""quán trọ hoa thần""","=""90""","=""0""","=""4""","=""0""","=""1.002""","=""Low""","=""false"""
"=""tân tam quốc chí""","=""90""","=""0""","=""4""","=""0""","=""1.002""","=""Low""","=""false"""
"=""thiên tài kinh doanh""","=""90""","=""0""","=""4""","=""0""","=""1.002""","=""Low""","=""false"""
"=""warpath: huân chương chiến hỏa""","=""90""","=""0""","=""5""","=""0""","=""1.002""","=""Low""","=""false"""
"=""castle clash: quyết chiến""","=""90""","=""0""","=""4""","=""0""","=""1.002""","=""Low""","=""false"""
"=""ngọc rồng huyền thoại""","=""90""","=""0""","=""4""","=""0""","=""1.002""","=""Low""","=""false"""
"=""võ lâm thiên tuyệt""","=""90""","=""0.83""","=""4""","=""0""","=""1.002""","=""Low""","=""true"""
"=""chiến hồn tam quốc""","=""90""","=""0""","=""4""","=""0""","=""1.002""","=""Low""","=""false"""
"=""mật mã gaia""","=""90""","=""0""","=""3""","=""""","=""""","=""Low""","=""false"""
"=""thần thú 3d""","=""90""","=""0""","=""3""","=""""","=""""","=""Low""","=""true"""
"=""khu rừng rồng: đôi cánh tự do""","=""90""","=""0""","=""7""","=""""","=""""","=""Low""","=""false"""
"=""thành phố diệu kỳ""","=""90""","=""0""","=""4""","=""""","=""""","=""Low""","=""false"""
"=""vương quốc rồng""","=""70""","=""0""","=""3""","=""0""","=""1.003""","=""Low""","=""false"""
"=""hồng đồ chi hạ""","=""70""","=""0""","=""4""","=""0""","=""1.003""","=""Low""","=""false"""
"=""hành trình bất tận""","=""70""","=""0""","=""4""","=""0""","=""1.003""","=""Low""","=""false"""
"=""x dogs: siêu khuyển""","=""70""","=""0""","=""4""","=""0""","=""1.003""","=""Low""","=""false"""
"=""vệ binh ngày tận thế""","=""70""","=""0""","=""5""","=""0""","=""1.003""","=""Low""","=""false"""
"=""huyền thoại phương đông""","=""70""","=""0""","=""4""","=""0""","=""1.003""","=""Low""","=""false"""
"=""pháp sư tối thượng""","=""70""","=""0""","=""4""","=""0""","=""1.003""","=""Low""","=""false"""
"=""war eternal""","=""70""","=""0""","=""2""","=""0""","=""1.003""","=""Low""","=""false"""
"=""ninja đại chiến""","=""70""","=""0""","=""3""","=""0""","=""1.003""","=""Low""","=""false"""
"=""cửu vĩ đại chiến""","=""70""","=""0""","=""4""","=""0""","=""1.003""","=""Low""","=""false"""
"=""khởi nguyên mobile""","=""70""","=""0""","=""3""","=""0""","=""1.003""","=""Low""","=""true"""
"=""biệt đội đùn đùn""","=""70""","=""0""","=""4""","=""0""","=""1.003""","=""Low""","=""false"""
"=""đấu hồn sư""","=""70""","=""0""","=""3""","=""0""","=""1.003""","=""Low""","=""false"""
"=""thời đại hải tặc""","=""70""","=""0""","=""4""","=""""","=""""","=""Low""","=""false"""
"=""dragon waifu: thợ săn rồng""","=""70""","=""0""","=""5""","=""""","=""""","=""Low""","=""true"""
"=""nhẫn giả mobile""","=""70""","=""0""","=""3""","=""""","=""""","=""Low""","=""false"""
"=""loạn tam quốc""","=""70""","=""0.36""","=""3""","=""""","=""""","=""Low""","=""false"""
"=""mu khởi nguyên""","=""70""","=""0""","=""3""","=""""","=""""","=""Low""","=""false"""
"=""vua trò chơi online""""","=""70""","=""0""","=""4""","=""""","=""""","=""Low""","=""false"""
"=""biệt đội chibi""","=""70""","=""0""","=""3""","=""""","=""""","=""Low""","=""true"""
"=""chiến binh tận thế""","=""50""","=""0""","=""4""","=""0""","=""1.003""","=""Low""","=""true"""
"=""người săn rồng""","=""50""","=""0""","=""3""","=""0""","=""1.003""","=""Low""","=""true"""
"=""thái cổ phong ma""","=""50""","=""0""","=""4""","=""0""","=""1.003""","=""Low""","=""false"""
"=""tinh cầu z""","=""50""","=""0""","=""3""","=""0""","=""1.003""","=""Low""","=""false"""
"=""alo chủ tướng""","=""50""","=""0""","=""3""","=""0""","=""1.003""","=""Low""","=""false"""
"=""ảo mộng tru tiên""","=""50""","=""0""","=""4""","=""0""","=""1.003""","=""Low""","=""false"""
"=""beast lord""","=""50""","=""0""","=""2""","=""0""","=""1.003""","=""Low""","=""false"""
"=""huyễn tướng 3q""","=""50""","=""0""","=""3""","=""0""","=""1.003""","=""Low""","=""false"""
"=""ngạo thiên""","=""50""","=""0""","=""2""","=""0""","=""1.003""","=""Low""","=""false"""
"=""làng nhẫn giả""","=""50""","=""0""","=""3""","=""0""","=""1.003""","=""Low""","=""false"""
"=""ta là đế vương""","=""50""","=""0""","=""4""","=""0""","=""1.003""","=""Low""","=""false"""
"=""học viện ma thuật""","=""50""","=""0""","=""4""","=""0""","=""1.003""","=""Low""","=""false"""
"=""thiên mệnh đăng tiên""","=""50""","=""0""","=""4""","=""0""","=""1.003""","=""Low""","=""true"""
"=""vương quốc ánh sáng""","=""50""","=""0""","=""4""","=""""","=""""","=""Low""","=""false"""
"=""dân chơi bóng đá""","=""50""","=""0""","=""4""","=""""","=""""","=""Low""","=""false"""
"=""học viện rồng thần""","=""50""","=""0""","=""4""","=""""","=""""","=""Low""","=""false"""
"=""đấu trường ma thuật""","=""50""","=""0""","=""4""","=""""","=""""","=""Low""","=""false"""
"=""cửu thiên phong thần""","=""50""","=""0.51""","=""4""","=""""","=""""","=""Low""","=""false"""
"=""phong thần truyền kỳ""","=""50""","=""0""","=""4""","=""""","=""""","=""Low""","=""false"""
"=""đại tây du""""","=""50""","=""0""","=""3""","=""""","=""""","=""Low""","=""false"""
"=""tây du phục ma""","=""50""","=""0""","=""4""","=""""","=""""","=""Low""","=""false"""
"=""game g2""","=""50""","=""1.29""","=""2""","=""""","=""""","=""Low""","=""false"""
"=""oncash""""","=""40""","=""0""","=""1""","=""0""","=""1.004""","=""Low""","=""false"""
"=""tiên vương 4d""","=""40""","=""0""","=""3""","=""0""","=""1.004""","=""Low""","=""true"""
"=""đế chế bất diệt""","=""40""","=""0""","=""4""","=""0""","=""1.004""","=""Low""","=""true"""
"=""mu: vinh dự""","=""40""","=""0.83""","=""3""","=""0""","=""1.004""","=""Low""","=""false"""
"=""nữ thần vô song""","=""40""","=""0""","=""4""","=""0""","=""1.004""","=""Low""","=""false"""
"=""last fortress""","=""40""","=""0""","=""2""","=""0""","=""1.004""","=""Low""","=""false"""
"=""thi chiến tam quốc""","=""40""","=""2.41""","=""4""","=""0""","=""1.004""","=""Low""","=""false"""
"=""học viện thiên tài""","=""40""","=""0""","=""4""","=""0""","=""1.004""","=""Low""","=""true"""
"=""tình võ lâm""","=""40""","=""0""","=""3""","=""""","=""""","=""Low""","=""false"""
"=""tam quốc huyễn tưởng""","=""40""","=""0""","=""4""","=""""","=""""","=""Low""","=""false"""
"=""tân nhất kiếm gh""","=""30""","=""0""","=""4""","=""0""","=""1.005""","=""Low""","=""false"""
"=""lục địa bình minh""","=""30""","=""0""","=""4""","=""0""","=""1.005""","=""Low""","=""false"""
"=""đế chế trỗi dậy""","=""30""","=""0""","=""4""","=""0""","=""1.005""","=""Low""","=""true"""
"=""lạc vào cổ tích""","=""30""","=""0""","=""4""","=""0""","=""1.005""","=""Low""","=""false"""
"=""giải mã sinh tồn""","=""30""","=""0""","=""4""","=""0""","=""1.005""","=""Low""","=""false"""
"=""tuyệt thế võ lâm""","=""30""","=""0""","=""4""","=""0""","=""1.005""","=""Low""","=""false"""
"=""ever song: cổ tích nổi loạn""","=""30""","=""0""","=""6""","=""0""","=""1.005""","=""Low""","=""false"""
"=""3q legend: danh tướng truyền kỳ""","=""30""","=""0""","=""6""","=""0""","=""1.005""","=""Low""","=""false"""
"=""say mê săn báu""","=""30""","=""0""","=""4""","=""0""","=""1.005""","=""Low""","=""false"""
"=""thiên thư truyền kỳ""","=""30""","=""0""","=""4""","=""0""","=""1.005""","=""Low""","=""false"""
"=""art of conquest: đại khí cầu""""","=""30""","=""0""","=""6""","=""0""","=""1.005""","=""Low""","=""false"""
"=""thanh gươm huyền thoại""","=""30""","=""0""","=""4""","=""0""","=""1.005""","=""Low""","=""true"""
"=""liên minh nhẫn giả""","=""30""","=""0""","=""4""","=""0""","=""1.005""","=""Low""","=""false"""
"=""hỏa chí truyền thuyết""","=""30""","=""0""","=""4""","=""0""","=""1.005""","=""Low""","=""true"""
"=""tam quốc ca ca""","=""30""","=""1.36""","=""4""","=""0""","=""1.005""","=""Low""","=""false"""
"=""võ thần kỳ tích""","=""30""","=""0""","=""4""","=""0""","=""1.005""","=""Low""","=""false"""
"=""kỷ nguyên genz""","=""30""","=""0""","=""3""","=""0""","=""1.005""","=""Low""","=""false"""
"=""thiên long kỳ hiệp""","=""30""","=""0""","=""4""","=""0""","=""1.005""","=""Low""","=""true"""
"=""siêu thần mobile""","=""30""","=""0""","=""3""","=""""","=""""","=""Low""","=""false"""
"=""mộng tru tiên""","=""30""","=""0""","=""3""","=""""","=""""","=""Low""","=""false"""
"=""đế vương 3q""","=""30""","=""0""","=""3""","=""""","=""""","=""Low""","=""false"""
"=""kiếm khách phong vân""","=""30""","=""0""","=""4""","=""""","=""""","=""Low""","=""false"""
"=""thủ thành tam quốc""""","=""30""","=""0""","=""4""","=""""","=""""","=""Low""","=""true"""
"=""tây du mini""","=""30""","=""0""","=""3""","=""""","=""""","=""Low""","=""false"""
"=""vùng đất diệu kỳ""","=""30""","=""0""","=""4""","=""""","=""""","=""Low""","=""false"""
"=""kulgame""","=""20""","=""0""","=""1""","=""0""","=""1.006""","=""Low""","=""true"""
"=""bunkage: bí thuật làng thỏ""","=""20""","=""0""","=""5""","=""0""","=""1.006""","=""Low""","=""false"""
"=""kiếm vũ thiên hành ca""","=""20""","=""0""","=""5""","=""0""","=""1.006""","=""Low""","=""false"""
"=""thế giới mộng ảo""","=""20""","=""0""","=""4""","=""0""","=""1.006""","=""Low""","=""false"""
"=""trùng sinh: quyết chiến sabuk""","=""20""","=""0""","=""5""","=""0""","=""1.006""","=""Low""","=""false"""
"=""hoa kiếm mobile""","=""20""","=""1.41""","=""3""","=""0""","=""1.006""","=""Low""","=""false"""
"=""hoa kiếm mobile""""","=""20""","=""1.41""","=""3""","=""0""","=""1.006""","=""Low""","=""false"""
"=""chiến thần trỗi dậy""","=""20""","=""0""","=""4""","=""0""","=""1.006""","=""Low""","=""false"""
"=""đặc vụ côn trùng""","=""20""","=""0""","=""4""","=""0""","=""1.006""","=""Low""","=""false"""
"=""kho báu đại chiến""","=""20""","=""0""","=""4""","=""0""","=""1.006""","=""Low""","=""false"""
"=""tây du thần ký""","=""20""","=""0""","=""4""","=""0""","=""1.006""","=""Low""","=""false"""
"=""world of water""","=""20""","=""0""","=""3""","=""0""","=""1.006""","=""Low""","=""false"""
"=""hải tặc bá vương""","=""20""","=""0""","=""4""","=""0""","=""1.006""","=""Low""","=""false"""
"=""phúc lộc đầy nhà""","=""20""","=""0""","=""4""","=""0""","=""1.006""","=""Medium""","=""false"""
"=""tuyệt kiếm cổ phong""","=""20""","=""0""","=""4""","=""0""","=""1.006""","=""Low""","=""false"""
"=""tàng kiếm mobile""","=""20""","=""0.92""","=""3""","=""0""","=""1.006""","=""Low""","=""true"""
"=""viễn chinh mobile""","=""20""","=""0""","=""3""","=""0""","=""1.006""","=""Low""","=""false"""
"=""thanh vân kiếm 3d""","=""20""","=""0""","=""4""","=""0""","=""1.006""","=""Low""","=""false"""
"=""tiếu ngạo độc tôn""","=""20""","=""0""","=""4""","=""0""","=""1.006""","=""Low""","=""false"""
"=""mã tiến hóa x""","=""20""","=""0""","=""4""","=""""","=""""","=""Low""","=""false"""
"=""cửu dương truyền kỳ""","=""20""","=""0""","=""4""","=""""","=""""","=""Low""","=""false"""
"=""gh truyền kỳ""","=""20""","=""0""","=""3""","=""""","=""""","=""Low""","=""false"""
"=""thiếu niên nhẫn giả""","=""20""","=""0""","=""4""","=""""","=""""","=""Low""","=""false"""
"=""tam sinh tam kiếp""""","=""20""","=""0""","=""4""","=""""","=""""","=""Low""","=""true"""
"=""đại tỷ 3q""""","=""20""","=""0""","=""3""","=""""","=""""","=""Low""","=""false"""
"=""sipher phiêu lưu ký""""","=""20""","=""0""","=""4""","=""""","=""""","=""Low""","=""false"""
"=""appotacard""","=""10""","=""0""","=""1""","=""0""","=""1.01""","=""Low""","=""false"""
"=""thục sơn thiên hạ chiến""","=""10""","=""0""","=""5""","=""0""","=""1.01""","=""Low""","=""true"""
"=""trấn ma khúc mobile""","=""10""","=""0""","=""4""","=""0""","=""1.01""","=""Low""","=""false"""
"=""đấu la bangbang""","=""10""","=""0""","=""3""","=""0""","=""1.01""","=""Low""","=""false"""
"=""thời đại khỉ""","=""10""","=""0""","=""3""","=""0""","=""1.01""","=""Low""","=""false"""
"=""lâu đài tăm tối: chạng vạng""","=""10""","=""0""","=""6""","=""0""","=""1.01""","=""Low""","=""false"""
"=""dragon song hội săn rồng""","=""10""","=""0""","=""5""","=""0""","=""1.01""","=""Low""","=""false"""
"=""cyber city thành phố dị năng""","=""10""","=""0""","=""6""","=""0""","=""1.01""","=""Low""","=""false"""
"=""vương quốc ánh trăng""","=""10""","=""0""","=""4""","=""0""","=""1.01""","=""Low""","=""false"""
"=""đại tần chiến quốc""","=""10""","=""0""","=""4""","=""0""","=""1.01""","=""Low""","=""false"""
"=""mũi khoan đột phá""","=""10""","=""0""","=""4""","=""0""","=""1.01""","=""Low""","=""false"""
"=""long tộc huyễn tưởng""","=""10""","=""0""","=""4""","=""0""","=""1.01""","=""Low""","=""false"""
"=""vô cực chiến""","=""10""","=""0""","=""3""","=""0""","=""1.01""","=""Low""","=""false"""
"=""mobile legends: phiêu lưu""","=""10""","=""0""","=""4""","=""0""","=""1.01""","=""Low""","=""false"""
"=""liên minh kiến""","=""10""","=""0""","=""3""","=""0""","=""1.01""","=""Low""","=""false"""
"=""chiến dịch 3""","=""10""","=""0""","=""3""","=""0""","=""1.01""","=""Low""","=""false"""
"=""truyền thuyết đồng bằng: vạn năm tiền sử""","=""10""","=""0""","=""8""","=""0""","=""1.01""","=""Low""","=""false"""
"=""thiên ngoại giang hồ""","=""10""","=""0""","=""4""","=""0""","=""1.01""","=""Low""","=""false"""
"=""giang hồ kỳ hiệp 3d""","=""10""","=""0""","=""5""","=""0""","=""1.01""","=""Low""","=""false"""
"=""thiên kiếm chi vân""","=""10""","=""0""","=""4""","=""0""","=""1.01""","=""Low""","=""false"""
"=""danh tướng afk""","=""10""","=""0""","=""3""","=""0""","=""1.01""","=""Low""","=""false"""
"=""lục giới afk""","=""10""","=""0""","=""3""","=""0""","=""1.01""","=""Low""","=""false"""
"=""nữ thần thời trang""","=""10""","=""0""","=""4""","=""0""","=""1.01""","=""Low""","=""false"""
"=""mộng tình kiếm""","=""10""","=""0""","=""3""","=""0""","=""1.01""","=""Low""","=""false"""
"=""kỷ nguyên chinh phục""","=""10""","=""0""","=""4""","=""0""","=""1.01""","=""Low""","=""false"""
"=""đệ nhất đại chưởng môn""","=""10""","=""0""","=""5""","=""0""","=""1.01""","=""Low""","=""true"""
"=""đại sư múa rối""","=""10""","=""0""","=""4""","=""0""","=""1.01""","=""Low""","=""false"""
"=""thần công của ta""","=""10""","=""0""","=""4""","=""0""","=""1.01""","=""Low""","=""false"""
"=""đấu tam quốc""","=""10""","=""0""","=""3""","=""0""","=""1.01""","=""Low""","=""false"""
"=""dragon age: bóng đêm thức tỉnh""","=""10""","=""0""","=""6""","=""0""","=""1.01""","=""Low""","=""false"""
"=""long bá 3q mobile""","=""10""","=""0""","=""4""","=""0""","=""1.01""","=""Low""","=""false"""
"=""long chiến kỳ""","=""10""","=""0""","=""3""","=""0""","=""1.01""","=""Low""","=""false"""
"=""huyễn tưởng đại lục""","=""10""","=""0""","=""4""","=""0""","=""1.01""","=""Low""","=""false"""
"=""tiên hiệp truyền kỳ""","=""10""","=""0""","=""4""","=""0""","=""1.01""","=""Low""","=""false"""
"=""tru tiên quyết""","=""10""","=""0""","=""3""","=""0""","=""1.01""","=""Low""","=""false"""
"=""đại tổng tài""""","=""10""","=""0""","=""3""","=""0""","=""1.01""","=""Low""","=""false"""
"=""dislyte nhịp điệu huyền bí""","=""10""","=""0""","=""5""","=""0""","=""1.01""","=""Low""","=""false"""
"=""lăng vân ký""","=""10""","=""0""","=""3""","=""0""","=""1.01""","=""Low""","=""false"""
"=""tiếng vọng tro tàn""","=""10""","=""0""","=""4""","=""0""","=""1.01""","=""Low""","=""false"""
"=""123 tam quốc""","=""10""","=""0""","=""3""","=""0""","=""1.01""","=""Low""","=""false"""
"=""op đại chiến""","=""10""","=""0""","=""3""","=""0""","=""1.01""","=""Low""","=""false"""
"=""hắc ảnh vệ thần""","=""10""","=""0""","=""4""","=""0""","=""1.01""","=""Low""","=""false"""
"=""lục địa oasis""","=""10""","=""0""","=""3""","=""0""","=""1.01""","=""Low""","=""false"""
"=""thiên long kiếm 2""","=""10""","=""0""","=""4""","=""0""","=""1.01""","=""Low""","=""false"""
"=""mãnh tướng xuất chiến""","=""10""","=""0""","=""4""","=""0""","=""1.01""","=""Low""","=""false"""
"=""thiên hạ anh hùng 3q""","=""10""","=""0""","=""5""","=""0""","=""1.01""","=""Low""","=""false"""
"=""truyền thuyết dũng sĩ rồng""","=""10""","=""0""","=""5""","=""0""","=""1.01""","=""Low""","=""false"""
"=""rồng thần mobile""","=""10""","=""0""","=""3""","=""0""","=""1.01""","=""Low""","=""false"""
"=""kiếm hiệp 4.0""","=""10""","=""0""","=""3""","=""0""","=""1.01""","=""Low""","=""false"""
"=""liên minh pháp sư""","=""10""","=""0""","=""4""","=""0""","=""1.01""","=""Low""","=""false"""
"=""cửu mộng tiên vực""","=""10""","=""0""","=""4""","=""0""","=""1.01""","=""Low""","=""true"""
"=""con đường sao băng""","=""10""","=""0""","=""4""","=""0""","=""1.01""","=""Low""","=""false"""
"=""tân tam quốc max""","=""10""","=""0""","=""4""","=""0""","=""1.01""","=""Low""","=""false"""
"=""kiếm thế adnx mobile""","=""10""","=""0""","=""4""","=""0""","=""1.01""","=""Low""","=""false"""
"=""kiếm hiệp go""","=""10""","=""0""","=""3""","=""0""","=""1.01""","=""Low""","=""false"""
"=""khuyển dạ xoa truyền kỳ""","=""10""","=""0""","=""5""","=""0""","=""1.01""","=""Low""","=""false"""
"=""chân mệnh thiên tử mobile""","=""10""","=""0""","=""5""","=""0""","=""1.01""","=""Low""","=""false"""
"=""thành cát tư hãn mobile""","=""10""","=""0""","=""5""","=""0""","=""1.01""","=""Low""","=""false"""
"=""tuyệt thế vô song mobile""","=""10""","=""0""","=""5""","=""0""","=""1.01""","=""Low""","=""false"""
"=""ốc sên siêu việt""","=""10""","=""0""","=""4""","=""0""","=""1.01""","=""Low""","=""false"""
"=""vĩnh hằng kỹ nguyên""""","=""10""","=""0""","=""4""","=""0""","=""1.01""","=""Low""","=""false"""
"=""dũng giả đại lục""","=""10""","=""0""","=""4""","=""0""","=""1.01""","=""Low""","=""false"""
"=""thiên vũ thần vương""","=""10""","=""0""","=""4""","=""0""","=""1.01""","=""Low""","=""false"""
"=""lăng văn chi kiếm""","=""10""","=""0""","=""4""","=""0""","=""1.01""","=""Low""","=""false"""
"=""hiệp khách chi ca""","=""10""","=""0""","=""4""","=""0""","=""1.01""","=""Low""","=""false"""
"=""ngự long tại thiên mobile""","=""10""","=""0""","=""5""","=""0""","=""1.01""","=""Low""","=""false"""
"=""ngự long kiếm 3d""","=""10""","=""0""","=""4""","=""0""","=""1.01""","=""Low""","=""false"""
"=""ma kiếm vô song""","=""10""","=""0""","=""4""","=""0""","=""1.01""","=""Low""","=""false"""
"=""clover knights: thánh hiệp sĩ""","=""10""","=""0""","=""5""","=""0""","=""1.01""","=""Low""","=""false"""
"=""vạn niên nhất kiếm""","=""10""","=""0""","=""4""","=""0""","=""1.01""","=""Low""","=""false"""
"=""yêu linh giới""","=""10""","=""0""","=""3""","=""0""","=""1.01""","=""Low""","=""false"""
"=""long kiếm cửu châu""","=""10""","=""0""","=""4""","=""0""","=""1.01""","=""Low""","=""false"""
"=""linh kiếm 3d""","=""10""","=""0""","=""3""","=""0""","=""1.01""","=""Low""","=""false"""
"=""cổng thành xưng đế""","=""10""","=""0""","=""4""","=""0""","=""1.01""","=""Low""","=""false"""
"=""liên minh chiến hạm: tam cực""","=""10""","=""0""","=""6""","=""0""","=""1.01""","=""Low""","=""false"""
"=""elora's raid: vận mệnh triệu hồi""","=""10""","=""0""","=""6""","=""0""","=""1.01""","=""Low""","=""false"""
"=""toàn dân võ quán""","=""10""","=""0""","=""4""","=""0""","=""1.01""","=""Low""","=""false"""
"=""thiếu niên hiệp khách""","=""10""","=""0""","=""4""","=""0""","=""1.01""","=""Low""","=""false"""
"=""thành chủ tam quốc""","=""10""","=""0""","=""4""","=""0""","=""1.01""","=""Low""","=""false"""
"=""kiêu hùng tam quốc""","=""10""","=""0""","=""4""","=""""","=""""","=""Low""","=""false"""
"=""siêu thần 3q""","=""10""","=""0""","=""3""","=""""","=""""","=""Low""","=""false"""
"=""anh em 3q""","=""10""","=""0""","=""3""","=""""","=""""","=""Low""","=""false"""
"=""vân mộng kiếm tình""","=""10""","=""0""","=""4""","=""""","=""""","=""Low""","=""false"""
"=""tứ hoàng đại chiến""","=""10""","=""0""","=""4""","=""""","=""""","=""Low""","=""false"""
"=""tam anh thủ thành""","=""10""","=""0""","=""4""","=""""","=""""","=""Low""","=""false"""
"=""chiến long tam quốc""","=""10""","=""0""","=""4""","=""""","=""""","=""Low""","=""false"""
"=""ỷ thiên truyền kỳ""","=""10""","=""0""","=""4""","=""""","=""""","=""Low""","=""false"""
"=""nhất kiếm cửu thiên""","=""10""","=""0""","=""4""","=""""","=""""","=""Low""","=""false"""
"=""đột kích tam quốc""","=""10""","=""0""","=""4""","=""""","=""""","=""Low""","=""false"""
"=""biệt đội 3q""","=""10""","=""0""","=""3""","=""""","=""""","=""Low""","=""false"""
"=""kame legend: chiến binh vô cực""","=""10""","=""0""","=""6""","=""""","=""""","=""Low""","=""false"""
"=""ngạo thế kiếm thần""","=""10""","=""0""","=""4""","=""""","=""""","=""Low""","=""false"""
"=""hỏa long pháp sư""","=""10""","=""0""","=""4""","=""""","=""""","=""Low""","=""false"""
"=""đảo kho báu – arena island""""","=""10""","=""0""","=""6""","=""""","=""""","=""Low""","=""false"""
"=""truyền thuyết thánh thụ""","=""10""","=""0""","=""4""","=""""","=""""","=""Low""","=""false"""
"=""dị tiên hiệp""","=""10""","=""0""","=""3""","=""""","=""""","=""Low""","=""false"""
"=""tuyệt đại kiếm vương""","=""10""","=""0""","=""4""","=""""","=""""","=""Low""","=""false"""
"=""chiến vương tam quốc""","=""10""","=""0""","=""4""","=""""","=""""","=""Low""","=""false"""
"=""ngạo thế tam quốc""","=""10""","=""0""","=""4""","=""""","=""""","=""Low""","=""false"""
"=""ai tu tiên tuyệt vời""""","=""10""","=""0""","=""5""","=""""","=""""","=""Low""","=""false"""
"=""đại hiệp phong vân""","=""10""","=""0""","=""4""","=""""","=""""","=""Low""","=""false"""
"=""muôn đời anh hùng""""","=""10""","=""0""","=""4""","=""""","=""""","=""Low""","=""false"""
"=""thần vực afk""""","=""10""","=""0""","=""3""","=""""","=""""","=""Low""","=""false"""
"=""đại hiệp luyện công nào""","=""10""","=""0""","=""5""","=""""","=""""","=""Low""","=""false"""
"=""hải tặc tốc chiến""","=""10""","=""0""","=""4""","=""""","=""""","=""Low""","=""false"""
"=""luận kiếm giang hồ""","=""10""","=""0""","=""4""","=""""","=""""","=""Low""","=""false"""
"=""võ thần 3d""","=""10""","=""0""","=""3""","=""""","=""""","=""Low""","=""false"""
"=""linh kiếm tình duyên""","=""10""","=""0""","=""4""","=""""","=""""","=""Low""","=""false"""
"=""ngự long truyền kỳ""""","=""10""","=""0""","=""4""","=""""","=""""","=""Low""","=""false"""
"=""giang hồ tu tiên""","=""10""","=""0""","=""4""","=""""","=""""","=""Low""","=""false"""
"=""loạn chiến 3q""""","=""10""","=""0""","=""3""","=""""","=""""","=""Low""","=""false"""
"=""mộng ảo đại lục""""","=""10""","=""0""","=""4""","=""""","=""""","=""Low""","=""false"""
"=""họa thượng cổ""""","=""10""","=""0""","=""3""","=""""","=""""","=""Low""","=""false"""
"=""trường học nhẫn giả""","=""10""","=""0""","=""4""","=""""","=""""","=""Low""","=""true"""
"=""hải tặc loạn đấu""","=""10""","=""0""","=""4""","=""""","=""""","=""Low""","=""false"""
"=""me&meo: bé mèo của tôi""","=""0""","=""0""","=""5""","=""0""","=""0""","=""Low""","=""false"""
"=""x-fish: gacha đã tay""","=""0""","=""0""","=""4""","=""0""","=""0""","=""Low""","=""false"""
"=""kỳ nữ hoàng cung 2 phù sinh nhất mộng""","=""0""","=""0""","=""9""","=""0""","=""0""","=""Low""","=""false"""
"=""ragnarok x: thế hệ mới""","=""0""","=""0""","=""5""","=""0""","=""0""","=""Low""","=""false"""
"=""last shelter: thánh địa sinh tồn""","=""0""","=""0""","=""6""","=""0""","=""0""","=""Low""","=""false"""
"=""ánh sáng: đôi cánh linh hồn""","=""0""","=""0""","=""6""","=""0""","=""0""","=""Low""","=""false"""
"=""đầu trường thần thoại""","=""0""","=""0""","=""4""","=""0""","=""0""","=""Low""","=""false"""
"=""triệu hồi sư - funtap""","=""0""","=""0""","=""5""","=""0""","=""0""","=""Low""","=""false"""
"=""vùng đất sinh tồn""","=""0""","=""0""","=""4""","=""0""","=""0""","=""Low""","=""false"""
"=""top war: quyết đấu""","=""0""","=""0""","=""4""","=""0""","=""0""","=""Low""","=""false"""
"=""the walkingdead: kẻ sống sót""","=""0""","=""0""","=""5""","=""0""","=""0""","=""Low""","=""false"""
"=""khởi nguyên thần""","=""0""","=""0""","=""3""","=""0""","=""0""","=""Low""","=""false"""
"=""marvel siêu chiến tranh""","=""0""","=""0""","=""4""","=""0""","=""0""","=""Low""","=""false"""
"=""tình kiếm 3d-tam niên vạn phúc""","=""0""","=""0""","=""6""","=""0""","=""0""","=""Low""","=""false"""
"=""yong heroes - anh hùng kỳ hiệp""","=""0""","=""0""","=""7""","=""0""","=""0""","=""Low""","=""false"""
"=""tree of savior: neverland -""","=""0""","=""0""","=""5""","=""0""","=""0""","=""Low""","=""false"""
"=""linh thụ huyền bí""","=""0""","=""0""","=""4""","=""0""","=""0""","=""Low""","=""false"""
"=""cực phầm đại nhân""","=""0""","=""0""","=""4""","=""0""","=""0""","=""Low""","=""false"""
"=""phù hộ công lược""","=""0""","=""0""","=""4""","=""0""","=""0""","=""Low""","=""false"""
"=""ddtank mobile: vua xạ thủ""","=""0""","=""0""","=""5""","=""0""","=""0""","=""Low""","=""false"""
"=""thiên đường nổi giận""","=""0""","=""0""","=""4""","=""0""","=""0""","=""Low""","=""false"""
"=""goddess mua – truyền thuyết nữ thần""","=""0""","=""0""","=""7""","=""0""","=""0""","=""Low""","=""false"""
"=""age of evolution-kỷ nguyên tiến hóa""","=""0""","=""0""","=""6""","=""0""","=""0""","=""Low""","=""false"""
"=""luyen yêu ký""","=""0""","=""0""","=""3""","=""0""","=""0""","=""Low""","=""false"""
"=""parallel realms: tốc chiến""","=""0""","=""0""","=""4""","=""0""","=""0""","=""Low""","=""false"""
"=""""""","=""0""","=""0""","=""1""","=""2400""","=""0""","=""Low""","=""false"""
"=""thẻ game, phần mềm, app""","=""0""","=""0""","=""5""","=""0""","=""0""","=""Low""","=""false"""
"=""yêu quái! chạy đi đâu""","=""0""","=""0""","=""5""","=""0""","=""0""","=""Low""","=""false"""
"=""chinh phục tam quốc""","=""0""","=""0""","=""4""","=""0""","=""0""","=""Low""","=""false"""
"=""lithas: huyết mạch thức tỉnh""","=""0""","=""0""","=""5""","=""0""","=""0""","=""Low""","=""false"""
"=""legend of hero m-anh hùng""","=""0""","=""0""","=""5""","=""0""","=""0""","=""Low""","=""false"""
"=""hội quán đấu sỹ""","=""0""","=""0""","=""4""","=""0""","=""0""","=""Low""","=""false"""
"=""days of empries""","=""0""","=""0""","=""3""","=""0""","=""0""","=""Low""","=""false"""
"=""tam quốc chí thần ma""","=""0""","=""0""","=""5""","=""0""","=""0""","=""Low""","=""false"""
"=""mobile royale – chiến dịch hoàng gia""","=""0""","=""0""","=""7""","=""0""","=""0""","=""Low""","=""false"""
"=""phong ma đạo sỹ""","=""0""","=""0""","=""4""","=""0""","=""0""","=""Low""","=""false"""
"=""phong vân thần""","=""0""","=""0""","=""3""","=""0""","=""0""","=""Low""","=""false"""
"=""sơn thủy quyển""","=""0""","=""0""","=""3""","=""0""","=""0""","=""Low""","=""false"""
"=""thiên sứ chiến""","=""0""","=""0""","=""3""","=""0""","=""0""","=""Low""","=""false"""
"=""vua bi-a""","=""0""","=""0""","=""2""","=""0""","=""0""","=""Low""","=""false"""
"=""tân tam quốc -itap""""","=""0""","=""0""","=""4""","=""0""","=""0""","=""Low""","=""false"""
"=""hỗn độn đại lục""","=""0""","=""0""","=""4""","=""0""","=""0""","=""Low""","=""false"""
"=""meow! sen ơi đừng sợ""","=""0""","=""0""","=""5""","=""0""","=""0""","=""Low""","=""false"""
"=""tam quốc adnx mobile""""","=""0""","=""0""","=""4""","=""0""","=""0""","=""Low""","=""false"""
"=""aurora- vùng đất huyền thoại""","=""0""","=""0""","=""5""","=""0""","=""0""","=""Low""","=""false"""
"=""laplace m - vùng đất gió""","=""0""","=""0""","=""6""","=""0""","=""0""","=""Low""","=""false"""
"=""rohan m - cuộc chiến bất tận""","=""0""","=""0""","=""7""","=""0""","=""0""","=""Low""","=""false"""
"=""jx1-huyền thoại võ lâm""","=""0""","=""0""","=""4""","=""0""","=""0""","=""Low""","=""false"""
"=""cờ tướng, cờ úp online – kỳ vương""","=""0""","=""0""","=""8""","=""0""","=""0""","=""Low""","=""false"""
"=""dream land: miền đất hứa""","=""0""","=""0""","=""5""","=""0""","=""0""","=""Low""","=""false"""
"=""afk3q đế vương thiên hạ""","=""0""","=""0""","=""5""","=""0""","=""0""","=""Low""","=""false"""
"=""""tam quốc dị tướng""","=""0""","=""0""","=""4""","=""29""","=""0""","=""Low""","=""false"""
"=""mã đáo tây du""""","=""0""","=""0""","=""4""","=""0""","=""0""","=""Low""","=""false"""
"=""waifu party: mĩ vị đại chiến""","=""0""","=""0""","=""6""","=""0""","=""0""","=""Low""","=""false"""
"=""thần ma: tam quốc xuất chinh""","=""0""","=""0""","=""6""","=""0""","=""0""","=""Low""","=""false"""
"=""đầu trường kỳ lạ""","=""0""","=""0""","=""4""","=""0""","=""0""","=""Low""","=""false"""
"=""kho báu vô tận h5""","=""0""","=""0""","=""5""","=""""","=""""","=""Low""","=""false"""
"=""vệ thần hera""","=""0""","=""0""","=""3""","=""""","=""""","=""Low""","=""false"""
"=""3q-cmn""","=""0""","=""0""","=""1""","=""""","=""""","=""Low""","=""false"""
"=""dị giới – thức tỉnh""","=""0""","=""0""","=""5""","=""""","=""""","=""Low""","=""false"""
"=""tam quốc - loạn thế kiêu hùng""","=""0""","=""0""","=""7""","=""""","=""""","=""Low""","=""false"""
"=""hải vương online""","=""0""","=""0""","=""3""","=""""","=""""","=""Low""","=""false"""
"=""oh! đại hiệp""","=""0""","=""0""","=""3""","=""""","=""""","=""Low""","=""false"""
"=""bộ lạc thần thú - momogsa420200715""","=""0""","=""0""","=""6""","=""""","=""""","=""Low""","=""false"""
"=""maplestory r: evolution-vn-nấm lùn phiêu lưu ký - momokfiu20231127""","=""0""","=""0""","=""9""","=""""","=""""","=""Low""","=""false"""
"=""cho thuê sử dụng  máy tính, thực phẩm""","=""0""","=""0""","=""9""","=""""","=""""","=""Low""","=""false"""
"=""thời đại thú huyễn: nguồn gốc""""","=""0""","=""0""","=""6""","=""""","=""""","=""Low""","=""false"""
"=""thiếu nữ tiến hóa""","=""0""","=""0""","=""4""","=""""","=""""","=""Low""","=""false"""
"=""vũ điệu đam mê - avatar musik""","=""0""","=""0""","=""7""","=""""","=""""","=""Low""","=""false"""
"=""girls’ fontline 2 - lưu đày""","=""0""","=""0""","=""6""","=""""","=""""","=""Low""","=""false"""
