Keyword,Volume,CPC,Word count,PPC Competition,Trending
"=""bac a bank""","=""14800""","=""0.66""","=""3""","=""Low""","=""false"""
"=""bắc á bank""","=""14800""","=""0.67""","=""3""","=""Low""","=""false"""
"=""bắc á bank tuyển dụng""","=""1000""","=""0.17""","=""5""","=""Low""","=""false"""
"=""bac a bank tuyen dung""","=""390""","=""0.23""","=""5""","=""Low""","=""false"""
"=""bac a bank tuyển dụng""","=""390""","=""0.23""","=""5""","=""Low""","=""false"""
"=""bac a bank near me""","=""260""","=""0""","=""5""","=""Low""","=""true"""
"=""bac a bank atm""","=""170""","=""0""","=""4""","=""Low""","=""true"""
"=""bắc a bank lãi suất""","=""140""","=""0""","=""5""","=""Low""","=""false"""
"=""bắc á bank lãi suất tiết kiệm""","=""140""","=""0""","=""7""","=""Low""","=""false"""
"=""bac a bank mobile banking""","=""90""","=""0""","=""5""","=""Low""","=""true"""
"=""bắc á bank hà nội""","=""70""","=""0""","=""5""","=""Low""","=""false"""
"=""bắc á bank logo""","=""70""","=""0""","=""4""","=""Low""","=""false"""
"=""bac a bank long an""","=""70""","=""0""","=""5""","=""Low""","=""false"""
"=""bắc á bank hải phòng""","=""50""","=""0""","=""5""","=""Low""","=""true"""
"=""bac a bank đăng nhập""","=""50""","=""0""","=""5""","=""Low""","=""false"""
"=""bắc á bank thanh hóa""","=""40""","=""0""","=""5""","=""Low""","=""false"""
"=""bắc á bank của ai""","=""40""","=""0""","=""5""","=""Low""","=""false"""
"=""bắc á bank giờ làm việc""","=""40""","=""0""","=""6""","=""Low""","=""false"""
"=""bac a bank hotline""","=""40""","=""0""","=""4""","=""Low""","=""false"""
"=""bắc a bank chi nhánh""","=""40""","=""0""","=""5""","=""Low""","=""false"""
"=""bắc á bank lãi suất tiền gửi""","=""40""","=""0""","=""7""","=""Low""","=""true"""
"=""bắc á bank đà lạt""","=""30""","=""0""","=""5""","=""Low""","=""false"""
"=""bắc á bank có uy tín không""","=""30""","=""0""","=""7""","=""Low""","=""true"""
"=""bac a bank tuyển dụng giao dịch viên""","=""20""","=""0""","=""8""","=""Low""","=""false"""
"=""bac a bank mail""","=""20""","=""0""","=""4""","=""Low""","=""false"""
"=""bac a bank vietnam""","=""20""","=""0""","=""4""","=""Low""","=""true"""
"=""bắc á bank app""","=""20""","=""0""","=""4""","=""Low""","=""false"""
"=""bắc á bank thành lập năm nào""","=""20""","=""0""","=""7""","=""Low""","=""false"""
"=""bắc á bank thái nguyên""","=""20""","=""0""","=""5""","=""Low""","=""false"""
"=""bắc á bank thái bình""","=""20""","=""0""","=""5""","=""Low""","=""false"""
"=""bắc á bank tphcm""","=""20""","=""0""","=""4""","=""Low""","=""false"""
"=""bắc á bank tuyển dụng tphcm""","=""20""","=""0""","=""6""","=""Low""","=""false"""
"=""bắc á bank tràng tiền""","=""20""","=""0""","=""5""","=""Low""","=""false"""
"=""bắc á bank bình dương""","=""20""","=""0""","=""5""","=""Low""","=""false"""
"=""bắc á bank bmt""","=""20""","=""0""","=""4""","=""Low""","=""false"""
"=""bắc á bank có làm việc thứ 7 không""","=""20""","=""0""","=""9""","=""Low""","=""true"""
"=""bac a bank online""","=""10""","=""0""","=""4""","=""Low""","=""false"""
"=""bac a bank tuyển dụng 2022""","=""10""","=""0""","=""6""","=""Low""","=""false"""
"=""bắc á bank tuyen dung""","=""10""","=""0""","=""5""","=""Low""","=""false"""
"=""bắc á bank tuyển dụng giao dịch viên""","=""10""","=""0""","=""8""","=""Low""","=""false"""
"=""bac a bank internet banking""","=""10""","=""0""","=""5""","=""Low""","=""false"""
"=""bắc a bank của ai""","=""10""","=""0""","=""5""","=""Low""","=""false"""
"=""bắc á bank nghệ an""","=""10""","=""0""","=""5""","=""Low""","=""true"""
"=""bắc a bank lãi suất bao nhiêu""","=""10""","=""0""","=""7""","=""Low""","=""false"""
"=""bac a bank mastercard cashback platinum""","=""10""","=""0""","=""6""","=""Low""","=""true"""
"=""bac a bank có tốt không""","=""10""","=""0""","=""6""","=""Low""","=""false"""
"=""bắc a bank giờ làm việc""","=""10""","=""0""","=""6""","=""Low""","=""false"""
"=""bắc á bank internet banking""","=""10""","=""0""","=""5""","=""Low""","=""true"""
"=""bắc á bank kiên giang""","=""10""","=""0""","=""5""","=""Low""","=""false"""
"=""bắc a bank lãi suất tiết kiệm""","=""10""","=""0""","=""7""","=""Low""","=""false"""
"=""bac a bank mastercard""","=""10""","=""0""","=""4""","=""Low""","=""true"""
"=""bắc á bank phú yên""","=""10""","=""0""","=""5""","=""Low""","=""true"""
"=""bắc á bank quảng bình""","=""10""","=""0""","=""5""","=""Low""","=""false"""
"=""bắc á bank trường chinh""","=""10""","=""0""","=""5""","=""Low""","=""true"""
"=""bắc á bank trung kính""","=""10""","=""0""","=""5""","=""Low""","=""false"""
"=""bac a bank tuyển dụng hội sở""","=""10""","=""0""","=""7""","=""Low""","=""false"""
"=""bắc á bank làm việc đến mấy giờ""","=""10""","=""0""","=""8""","=""Low""","=""false"""
"=""bắc á bank là của ai""","=""10""","=""0""","=""6""","=""Low""","=""false"""
"=""bắc á bank có tốt không""","=""10""","=""0""","=""6""","=""Low""","=""false"""
"=""bắc á bank tuyển dụng 2022""","=""0""","=""0""","=""6""","=""Low""","=""false"""
"=""bac a bank apk""","=""0""","=""0""","=""4""","=""Low""","=""false"""
"=""bac a bank account""","=""0""","=""0""","=""4""","=""Low""","=""false"""
"=""bac a bank alpha bank""","=""0""","=""0""","=""5""","=""Low""","=""false"""
"=""bắc á bank an khánh""","=""0""","=""0""","=""5""","=""Low""","=""false"""
"=""bắc á bank an giang""","=""0""","=""0""","=""5""","=""Low""","=""false"""
"=""bac a bank annual report""","=""0""","=""0""","=""5""","=""Low""","=""false"""
"=""bắc á bank đông anh""","=""0""","=""0""","=""5""","=""Low""","=""false"""
"=""bắc á bank long an""","=""0""","=""0""","=""5""","=""Low""","=""false"""
"=""bắc á bank có an toàn""","=""0""","=""0""","=""6""","=""Low""","=""false"""
"=""bắc á bank nghệ an tuyển dụng""","=""0""","=""0""","=""7""","=""Low""","=""false"""
"=""bắc á bank pgd an phú""","=""0""","=""0""","=""6""","=""Low""","=""false"""
"=""bắc á bank tiếng anh""","=""0""","=""0""","=""5""","=""Low""","=""false"""
"=""bac a bank amc""","=""0""","=""0""","=""4""","=""Low""","=""false"""
"=""bac a bank apple pay""","=""0""","=""0""","=""5""","=""Low""","=""false"""
"=""bac a bank mobile banking apk""","=""0""","=""0""","=""6""","=""Low""","=""false"""
"=""bac a bank atm fees""","=""0""","=""0""","=""5""","=""Low""","=""false"""
"=""bac a bank corporate banking""","=""0""","=""0""","=""5""","=""Low""","=""false"""
"=""bắc á bank bao nhiêu tuổi làm được""","=""0""","=""0""","=""8""","=""Low""","=""false"""
"=""bắc á bank ba đình""","=""0""","=""0""","=""5""","=""Low""","=""false"""
"=""bắc á bank ban lãnh đạo""","=""0""","=""0""","=""6""","=""Low""","=""false"""
"=""bac a bank bctc""","=""0""","=""0""","=""4""","=""Low""","=""false"""
"=""bac a bank binh duong""","=""0""","=""0""","=""5""","=""Low""","=""false"""
"=""bac a bank binh thanh""","=""0""","=""0""","=""5""","=""Low""","=""false"""
"=""bac a bank long biên""","=""0""","=""0""","=""5""","=""Low""","=""false"""
"=""bac a bank luy ban bich""","=""0""","=""0""","=""6""","=""Low""","=""false"""
"=""bắc á bank biểu phí""","=""0""","=""0""","=""5""","=""Low""","=""false"""
"=""bắc á bank biên hoà""","=""0""","=""0""","=""5""","=""Low""","=""false"""
"=""bac a bank bmt""","=""0""","=""0""","=""4""","=""Low""","=""false"""
"=""bắc á bank buôn ma thuột""","=""0""","=""0""","=""6""","=""Low""","=""false"""
"=""bac a bank cashback platinum""","=""0""","=""0""","=""5""","=""Low""","=""false"""
"=""bac a bank cafef""","=""0""","=""0""","=""4""","=""Low""","=""false"""
"=""bac a bank can tho""","=""0""","=""0""","=""5""","=""Low""","=""false"""
"=""bac a bank career""","=""0""","=""0""","=""4""","=""Low""","=""false"""
"=""bac a bank ca mau""","=""0""","=""0""","=""5""","=""Low""","=""false"""
"=""bac a bank cashback""","=""0""","=""0""","=""4""","=""Low""","=""false"""
"=""bac a bank bao cao tai chinh""","=""0""","=""0""","=""7""","=""Low""","=""false"""
"=""bac a bank lào cai""","=""0""","=""0""","=""5""","=""Low""","=""false"""
"=""bắc á bank cao lãnh""","=""0""","=""0""","=""5""","=""Low""","=""false"""
"=""bac a bank chi nhánh hà nội""","=""0""","=""0""","=""7""","=""Low""","=""false"""
"=""bac a bank mã chứng khoán""","=""0""","=""0""","=""6""","=""Low""","=""false"""
"=""bắc á bank chi nhánh kim liên""","=""0""","=""0""","=""7""","=""Low""","=""false"""
"=""bắc á bank chi nhánh hà thành""","=""0""","=""0""","=""7""","=""Low""","=""false"""
"=""bắc á bank chi nhánh hải phòng""","=""0""","=""0""","=""7""","=""Low""","=""false"""
"=""bắc á bank chi nhánh thăng long""","=""0""","=""0""","=""7""","=""Low""","=""false"""
"=""bắc á bank chi nhánh cầu giấy""","=""0""","=""0""","=""7""","=""Low""","=""false"""
"=""bắc á bank chi nhánh hoài đức""","=""0""","=""0""","=""7""","=""Low""","=""false"""
"=""bắc á bank cmt8""","=""0""","=""0""","=""4""","=""Low""","=""false"""
"=""bắc á bank cn khánh hoà ảnh""","=""0""","=""0""","=""7""","=""Low""","=""false"""
"=""bac a bank co phieu""","=""0""","=""0""","=""5""","=""Low""","=""false"""
"=""bac a bank country""","=""0""","=""0""","=""4""","=""Low""","=""false"""
"=""bac a bank có uy tín không""","=""0""","=""0""","=""7""","=""Low""","=""false"""
"=""bắc a bank có làm việc thứ 7 không""","=""0""","=""0""","=""9""","=""Low""","=""false"""
"=""bac a bank swift code""","=""0""","=""0""","=""5""","=""Low""","=""false"""
"=""bắc á bank cv""","=""0""","=""0""","=""4""","=""Low""","=""false"""
"=""bac a bank cua ai""","=""0""","=""0""","=""5""","=""Low""","=""false"""
"=""bac a bank cskh""","=""0""","=""0""","=""4""","=""Low""","=""false"""
"=""bac a bank dang nhap""","=""0""","=""0""","=""5""","=""Low""","=""false"""
"=""bac a bank da nang""","=""0""","=""0""","=""5""","=""Low""","=""false"""
"=""bac a bank dak nong""","=""0""","=""0""","=""5""","=""Low""","=""false"""
"=""bac a bank dao duy anh""","=""0""","=""0""","=""6""","=""Low""","=""false"""
"=""bac a bank gan day""","=""0""","=""0""","=""5""","=""Low""","=""false"""
"=""bac a bank tong dai""","=""0""","=""0""","=""5""","=""Low""","=""false"""
"=""bac a bank o dau""","=""0""","=""0""","=""5""","=""Low""","=""false"""
"=""bac a bank tran hung dao""","=""0""","=""0""","=""6""","=""Low""","=""false"""
"=""bắc á bank daklak""","=""0""","=""0""","=""4""","=""Low""","=""false"""
"=""bac a bank nam dinh""","=""0""","=""0""","=""5""","=""Low""","=""false"""
"=""bac a bank digital bank""","=""0""","=""0""","=""5""","=""Low""","=""false"""
"=""bắc á bank doanh nghiệp""","=""0""","=""0""","=""5""","=""Low""","=""false"""
"=""bắc á bank do ai sáng lập""","=""0""","=""0""","=""7""","=""Low""","=""false"""
"=""bắc á bank đô lương""","=""0""","=""0""","=""5""","=""Low""","=""false"""
"=""bac a bank the tin dung""","=""0""","=""0""","=""6""","=""Low""","=""false"""
"=""bac a bank ebanking""","=""0""","=""0""","=""4""","=""Low""","=""false"""
"=""bac a bank english name""","=""0""","=""0""","=""5""","=""Low""","=""false"""
"=""bac a bank email""","=""0""","=""0""","=""4""","=""Low""","=""false"""
"=""bắc á bank facebook""","=""0""","=""0""","=""4""","=""Low""","=""false"""
"=""bac a bank fees""","=""0""","=""0""","=""4""","=""Low""","=""false"""
"=""bac a bank withdrawal fee""","=""0""","=""0""","=""5""","=""Low""","=""false"""
"=""bac a bank full name""","=""0""","=""0""","=""5""","=""Low""","=""false"""
"=""bac a bank ty gia""","=""0""","=""0""","=""5""","=""Low""","=""false"""
"=""bac a bank bắc giang""","=""0""","=""0""","=""5""","=""Low""","=""false"""
"=""bac a bank cầu giấy""","=""0""","=""0""","=""5""","=""Low""","=""false"""
"=""bắc á bank giới thiệu""","=""0""","=""0""","=""5""","=""Low""","=""false"""
"=""bắc á bank giờ mở cửa""","=""0""","=""0""","=""6""","=""Low""","=""false"""
"=""bắc á bank gia lai""","=""0""","=""0""","=""5""","=""Low""","=""false"""
"=""bắc á bank giám đốc""","=""0""","=""0""","=""5""","=""Low""","=""false"""
"=""bac a bank go vap""","=""0""","=""0""","=""5""","=""Low""","=""false"""
"=""bac a bank mastercard rewards gold""","=""0""","=""0""","=""6""","=""Low""","=""false"""
"=""bắc á bank golden gate""","=""0""","=""0""","=""5""","=""Low""","=""false"""
"=""bac a bank hai phong""","=""0""","=""0""","=""5""","=""Low""","=""false"""
"=""bac a bank hanoi""","=""0""","=""0""","=""4""","=""Low""","=""false"""
"=""bắc a bank hà đông""","=""0""","=""0""","=""5""","=""Low""","=""false"""
"=""bac a bank hà tĩnh""","=""0""","=""0""","=""5""","=""Low""","=""false"""
"=""bac a bank thai ha""","=""0""","=""0""","=""5""","=""Low""","=""false"""
"=""bac a bank la ngan hang gi""","=""0""","=""0""","=""7""","=""Low""","=""false"""
"=""bắc á bank hai bà trưng""","=""0""","=""0""","=""6""","=""Low""","=""false"""
"=""bac a bank láng hạ""","=""0""","=""0""","=""5""","=""Low""","=""false"""
"=""bac a bank cn hà nội""","=""0""","=""0""","=""6""","=""Low""","=""false"""
"=""bac a bank hcm""","=""0""","=""0""","=""4""","=""Low""","=""false"""
"=""bac a bank to hien thanh""","=""0""","=""0""","=""6""","=""Low""","=""false"""
"=""bac a bank to hieu""","=""0""","=""0""","=""5""","=""Low""","=""false"""
"=""bac a bank hoang quoc viet""","=""0""","=""0""","=""6""","=""Low""","=""false"""
"=""bac a bank hoi so""","=""0""","=""0""","=""5""","=""Low""","=""false"""
"=""bac a bank ho chi minh""","=""0""","=""0""","=""6""","=""Low""","=""false"""
"=""bac a bank thanh hoá""","=""0""","=""0""","=""5""","=""Low""","=""false"""
"=""bắc á bank hoài đức""","=""0""","=""0""","=""5""","=""Low""","=""false"""
"=""bắc á bank hoàn kiếm""","=""0""","=""0""","=""5""","=""Low""","=""false"""
"=""bắc á bank hoà bình""","=""0""","=""0""","=""5""","=""Low""","=""false"""
"=""bắc á bank hotline 24 7""","=""0""","=""0""","=""6""","=""Low""","=""false"""
"=""bac a bank huế""","=""0""","=""0""","=""4""","=""Low""","=""false"""
"=""bắc á bank huỳnh tấn phát""","=""0""","=""0""","=""6""","=""Low""","=""false"""
"=""bắc á bank huế tuyển dụng""","=""0""","=""0""","=""6""","=""Low""","=""false"""
"=""bac a bank được idg vinh danh""","=""0""","=""0""","=""7""","=""Low""","=""false"""
"=""bac a bank chi nhánh kim liên""","=""0""","=""0""","=""7""","=""Low""","=""false"""
"=""bắc á bank kim ngưu""","=""0""","=""0""","=""5""","=""Low""","=""false"""
"=""bắc á bank kim mã""","=""0""","=""0""","=""5""","=""Low""","=""false"""
"=""bac a bank linkedin""","=""0""","=""0""","=""4""","=""Low""","=""false"""
"=""bắc á bank linh đàm""","=""0""","=""0""","=""5""","=""Low""","=""false"""
"=""bắc á bank liên hệ""","=""0""","=""0""","=""5""","=""Low""","=""false"""
"=""bắc á bank liên hà""","=""0""","=""0""","=""5""","=""Low""","=""false"""
"=""bac a bank login""","=""0""","=""0""","=""4""","=""Low""","=""false"""
"=""bac a bank logo vector""","=""0""","=""0""","=""5""","=""Low""","=""false"""
"=""bac a bank logo png""","=""0""","=""0""","=""5""","=""Low""","=""false"""
"=""bắc á bank long xuyên""","=""0""","=""0""","=""5""","=""Low""","=""false"""
"=""bắc á bank long thành""","=""0""","=""0""","=""5""","=""Low""","=""false"""
"=""bắc á bank long biên hà nội""","=""0""","=""0""","=""7""","=""Low""","=""false"""
"=""bac a bank là gì""","=""0""","=""0""","=""5""","=""Low""","=""false"""
"=""bac a bank gio lam viec""","=""0""","=""0""","=""6""","=""Low""","=""false"""
"=""bac a bank da lat""","=""0""","=""0""","=""5""","=""Low""","=""false"""
"=""bac a bank sơn la""","=""0""","=""0""","=""5""","=""Low""","=""false"""
"=""bac a bank th true milk""","=""0""","=""0""","=""6""","=""Low""","=""false"""
"=""bac a bank nguyen thi minh khai""","=""0""","=""0""","=""7""","=""Low""","=""false"""
"=""bắc á bank minh khai""","=""0""","=""0""","=""5""","=""Low""","=""false"""
"=""bắc a bank và th true milk""","=""0""","=""0""","=""7""","=""Low""","=""false"""
"=""bac a bank mobile""","=""0""","=""0""","=""4""","=""Low""","=""false"""
"=""bac a bank mst""","=""0""","=""0""","=""4""","=""Low""","=""false"""
"=""bắc á bank nam định tuyển dụng""","=""0""","=""0""","=""7""","=""Low""","=""false"""
"=""bắc á bank nam từ liêm""","=""0""","=""0""","=""6""","=""Low""","=""false"""
"=""bac a bank neo bank""","=""0""","=""0""","=""5""","=""Low""","=""false"""
"=""bac a bank nerede""","=""0""","=""0""","=""4""","=""Low""","=""false"""
"=""bac a bank ninh bình""","=""0""","=""0""","=""5""","=""Low""","=""false"""
"=""bac a bank quảng ninh""","=""0""","=""0""","=""5""","=""Low""","=""false"""
"=""bắc á bank ninh bình tuyển dụng""","=""0""","=""0""","=""7""","=""Low""","=""false"""
"=""bắc á bank niêm yết""","=""0""","=""0""","=""5""","=""Low""","=""false"""
"=""bac a bank báo cáo thường niên""","=""0""","=""0""","=""7""","=""Low""","=""false"""
"=""bac a bank nha trang""","=""0""","=""0""","=""5""","=""Low""","=""false"""
"=""bac a bank gần nhất""","=""0""","=""0""","=""5""","=""Low""","=""false"""
"=""bắc á bank nguyễn thị định""","=""0""","=""0""","=""6""","=""Low""","=""false"""
"=""bắc á bank nguyễn văn lộc""","=""0""","=""0""","=""6""","=""Low""","=""false"""
"=""bắc á bank nguyễn lương bằng""","=""0""","=""0""","=""6""","=""Low""","=""false"""
"=""bac a bank ha noi""","=""0""","=""0""","=""5""","=""Low""","=""false"""
"=""bac a bank ocean park""","=""0""","=""0""","=""5""","=""Low""","=""false"""
"=""bắc á bank pgd ocean park""","=""0""","=""0""","=""6""","=""Low""","=""false"""
"=""bắc á bank pgd""","=""0""","=""0""","=""4""","=""Low""","=""false"""
"=""bắc á bank pgd an khánh""","=""0""","=""0""","=""6""","=""Low""","=""false"""
"=""bắc á bank pgd đội cấn""","=""0""","=""0""","=""6""","=""Low""","=""false"""
"=""bac a bank phốt""","=""0""","=""0""","=""4""","=""Low""","=""false"""
"=""bac a bank photos""","=""0""","=""0""","=""4""","=""Low""","=""false"""
"=""bac a bank phú thọ""","=""0""","=""0""","=""5""","=""Low""","=""false"""
"=""bac a bank phát hành chứng chỉ tiền gửi""","=""0""","=""0""","=""9""","=""Low""","=""false"""
"=""bac a bank vĩnh phúc""","=""0""","=""0""","=""5""","=""Low""","=""false"""
"=""bac a bank priority""","=""0""","=""0""","=""4""","=""Low""","=""false"""
"=""bắc a bank quang trung hà đông""","=""0""","=""0""","=""7""","=""Low""","=""false"""
"=""bac a bank quy nhơn""","=""0""","=""0""","=""5""","=""Low""","=""false"""
"=""bac a bank quang ngai""","=""0""","=""0""","=""5""","=""Low""","=""false"""
"=""bac a bank quận 7""","=""0""","=""0""","=""5""","=""Low""","=""false"""
"=""bắc á bank quận 1""","=""0""","=""0""","=""5""","=""Low""","=""false"""
"=""bắc á bank quận 10""","=""0""","=""0""","=""5""","=""Low""","=""false"""
"=""bắc á bank quận 5""","=""0""","=""0""","=""5""","=""Low""","=""false"""
"=""bac a bank rating""","=""0""","=""0""","=""4""","=""Low""","=""false"""
"=""bắc á bank cam ranh""","=""0""","=""0""","=""5""","=""Low""","=""false"""
"=""bắc á bank phát hành trái phiếu ra công chúng""","=""0""","=""0""","=""10""","=""Low""","=""false"""
"=""bac a bank review""","=""0""","=""0""","=""4""","=""Low""","=""false"""
"=""bắc á bank sdt""","=""0""","=""0""","=""4""","=""Low""","=""false"""
"=""bắc á bank slogan""","=""0""","=""0""","=""4""","=""Low""","=""false"""
"=""bắc a bank hội sở hà nội""","=""0""","=""0""","=""7""","=""Low""","=""false"""
"=""bac a bank trụ sở chính""","=""0""","=""0""","=""6""","=""Low""","=""false"""
"=""bac a bank stock""","=""0""","=""0""","=""4""","=""Low""","=""false"""
"=""bac a bank lãi suất tiền gửi""","=""0""","=""0""","=""7""","=""Low""","=""false"""
"=""bac a bank tay ninh""","=""0""","=""0""","=""5""","=""Low""","=""false"""
"=""bac a bank vung tau""","=""0""","=""0""","=""5""","=""Low""","=""false"""
"=""bac a bank viet tat""","=""0""","=""0""","=""5""","=""Low""","=""false"""
"=""bắc á bank tam kỳ""","=""0""","=""0""","=""5""","=""Low""","=""false"""
"=""bắc á bank tai nạn""","=""0""","=""0""","=""5""","=""Low""","=""false"""
"=""bắc á bank tam điệp""","=""0""","=""0""","=""5""","=""Low""","=""false"""
"=""bac a bank swift""","=""0""","=""0""","=""4""","=""Low""","=""false"""
"=""bac a bank tên tiếng anh""","=""0""","=""0""","=""6""","=""Low""","=""false"""
"=""bac a bank tràng tiền""","=""0""","=""0""","=""5""","=""Low""","=""false"""
"=""bắc á bank tiết kiệm""","=""0""","=""0""","=""5""","=""Low""","=""false"""
"=""bắc á bank tiền giang""","=""0""","=""0""","=""5""","=""Low""","=""false"""
"=""bac a bank thẻ""","=""0""","=""0""","=""4""","=""Low""","=""false"""
"=""bac a bank thẻ tín dụng""","=""0""","=""0""","=""6""","=""Low""","=""false"""
"=""bắc á bank thái hà""","=""0""","=""0""","=""5""","=""Low""","=""false"""
"=""bắc á bank thanh hoá tuyển dụng""","=""0""","=""0""","=""7""","=""Low""","=""false"""
"=""bắc á bank thuộc tập đoàn nào""","=""0""","=""0""","=""7""","=""Low""","=""false"""
"=""bắc á bank tô hiến thành""","=""0""","=""0""","=""6""","=""Low""","=""false"""
"=""bắc á bank tuyển dụng kiểm toán nội bộ""","=""0""","=""0""","=""9""","=""Low""","=""false"""
"=""bắc á bank tp vinh""","=""0""","=""0""","=""5""","=""Low""","=""false"""
"=""bắc á bank trần hưng đạo""","=""0""","=""0""","=""6""","=""Low""","=""false"""
"=""bắc á bank trụ sở chính""","=""0""","=""0""","=""6""","=""Low""","=""false"""
"=""bắc á bank trần quốc hoàn""","=""0""","=""0""","=""6""","=""Low""","=""false"""
"=""bắc á bank trần điền""","=""0""","=""0""","=""5""","=""Low""","=""false"""
"=""bắc á bank tuyển dụng chuyên viên thẩm định""","=""0""","=""0""","=""9""","=""Low""","=""false"""
"=""bac a bank cần thơ tuyển dụng""","=""0""","=""0""","=""7""","=""Low""","=""false"""
"=""bac a bank hải dương tuyển dụng""","=""0""","=""0""","=""7""","=""Low""","=""false"""
"=""bac a bank thanh hóa tuyển dụng""","=""0""","=""0""","=""7""","=""Low""","=""false"""
"=""bắc á bank tuyển dụng 2025""","=""0""","=""0""","=""6""","=""Low""","=""false"""
"=""bắc á bank tuyển dụng hà nội""","=""0""","=""0""","=""7""","=""Low""","=""false"""
"=""bắc á bank tỷ giá euro""","=""0""","=""0""","=""6""","=""Low""","=""false"""
"=""bắc a bank viết tắt""","=""0""","=""0""","=""5""","=""Low""","=""false"""
"=""bac a bank vietstock""","=""0""","=""0""","=""4""","=""Low""","=""false"""
"=""bac a bank visa""","=""0""","=""0""","=""4""","=""Low""","=""false"""
"=""bắc á bank việt trì""","=""0""","=""0""","=""5""","=""Low""","=""false"""
"=""bắc á bank vay tín chấp""","=""0""","=""0""","=""6""","=""Low""","=""false"""
"=""bac a bank voz""","=""0""","=""0""","=""4""","=""Low""","=""false"""
"=""bac a bank web""","=""0""","=""0""","=""4""","=""Low""","=""false"""
"=""bac a bank wiki""","=""0""","=""0""","=""4""","=""Low""","=""false"""
"=""bắc á bank atm""","=""0""","=""0""","=""4""","=""Low""","=""false"""
"=""bac a bank bảo trì""","=""0""","=""0""","=""5""","=""Low""","=""false"""
"=""bac a bank báo cáo tài chính""","=""0""","=""0""","=""7""","=""Low""","=""false"""
"=""bắc á bank bình thuận""","=""0""","=""0""","=""5""","=""Low""","=""false"""
"=""bac a bank doanh nghiệp""","=""0""","=""0""","=""5""","=""Low""","=""false"""
"=""bac a bank tuyển dụng tphcm""","=""0""","=""0""","=""6""","=""Low""","=""false"""
"=""bac a bank có người chịu trách nhiệm chung về phòng chống rửa tiền không""","=""0""","=""0""","=""15""","=""Low""","=""false"""
"=""bac a bank có các sản phẩm ngoại tệ nào""","=""0""","=""0""","=""10""","=""Low""","=""false"""
"=""bac a bank hội sở""","=""0""","=""0""","=""5""","=""Low""","=""false"""
"=""bac a bank hưng yên""","=""0""","=""0""","=""5""","=""Low""","=""false"""
"=""bac a bank hải dương""","=""0""","=""0""","=""5""","=""Low""","=""false"""
"=""bắc á bank được idg vinh danh""","=""0""","=""0""","=""7""","=""Low""","=""false"""
"=""bắc á bank tuyển dụng it""","=""0""","=""0""","=""6""","=""Low""","=""false"""
"=""bac a bank trung kính""","=""0""","=""0""","=""5""","=""Low""","=""false"""
"=""bắc á bank không chuyển khoản được""","=""0""","=""0""","=""7""","=""Low""","=""false"""
"=""bắc á bank ký hiệu""","=""0""","=""0""","=""5""","=""Low""","=""false"""
"=""bac a bank nghệ an""","=""0""","=""0""","=""5""","=""Low""","=""false"""
"=""bắc á bank rạch giá""","=""0""","=""0""","=""5""","=""Low""","=""false"""
"=""bắc á bank uông bí""","=""0""","=""0""","=""5""","=""Low""","=""false"""
"=""bắc á bank xã đàn""","=""0""","=""0""","=""5""","=""Low""","=""false"""
"=""bac a bank yên bái""","=""0""","=""0""","=""5""","=""Low""","=""false"""
"=""bắc á bank yên viên""","=""0""","=""0""","=""5""","=""Low""","=""false"""
"=""bắc á bank yên xá""","=""0""","=""0""","=""5""","=""Low""","=""false"""
"=""bắc á bank yên mỹ hưng yên""","=""0""","=""0""","=""7""","=""Low""","=""false"""
"=""bắc á bank 24 trần nhật duật buôn ma thuột""","=""0""","=""0""","=""10""","=""Low""","=""false"""
"=""bắc á bank quận 2""","=""0""","=""0""","=""5""","=""Low""","=""false"""
"=""bắc á bank lợi nhuận 2025""","=""0""","=""0""","=""6""","=""Low""","=""false"""
"=""bắc á bank 57 tràng tiền""","=""0""","=""0""","=""6""","=""Low""","=""false"""
"=""bắc á bank 47 trần hưng đạo""","=""0""","=""0""","=""7""","=""Low""","=""false"""
"=""bắc á bank quận 4""","=""0""","=""0""","=""5""","=""Low""","=""false"""
"=""bắc á bank quận 8""","=""0""","=""0""","=""5""","=""Low""","=""false"""
"=""bắc á bank cách mạng tháng 8""","=""0""","=""0""","=""7""","=""Low""","=""false"""
"=""bắc á bank quận 12""","=""0""","=""0""","=""5""","=""Low""","=""false"""
"=""bắc á bank quận 11""","=""0""","=""0""","=""5""","=""Low""","=""false"""
"=""bắc á bank 60 lý thái tổ""","=""0""","=""0""","=""7""","=""Low""","=""false"""
"=""bắc á bank 67 nguyễn thị định""","=""0""","=""0""","=""7""","=""Low""","=""false"""
"=""bắc á bank quận 6""","=""0""","=""0""","=""5""","=""Low""","=""false"""
"=""bắc á bank quận 3""","=""0""","=""0""","=""5""","=""Low""","=""false"""
"=""bắc á bank 9 đào duy anh""","=""0""","=""0""","=""7""","=""Low""","=""false"""
"=""bắc á bank 96 hoàng quốc việt""","=""0""","=""0""","=""7""","=""Low""","=""false"""
"=""bắc á bank 99 nguyễn thị minh khai""","=""0""","=""0""","=""8""","=""Low""","=""false"""
"=""bắc á bank quận 9""","=""0""","=""0""","=""5""","=""Low""","=""false"""
"=""bắc á bank 78 trung kính""","=""0""","=""0""","=""6""","=""Low""","=""false"""
"=""bắc á bank quận 7""","=""0""","=""0""","=""5""","=""Low""","=""false"""
"=""bắc á bank có làm thứ 7 không""","=""0""","=""0""","=""8""","=""Low""","=""false"""
"=""bắc á bank có làm việc sáng thứ 7 không""","=""0""","=""0""","=""10""","=""Low""","=""false"""
"=""bắc á bank từ sơn""","=""0""","=""0""","=""5""","=""Low""","=""false"""
"=""bắc á bank của tập đoàn nào""","=""0""","=""0""","=""7""","=""Low""","=""false"""
"=""bắc á bank lào cai""","=""0""","=""0""","=""5""","=""Low""","=""false"""
"=""bắc á bank là gì""","=""0""","=""0""","=""5""","=""Low""","=""false"""
"=""bắc á bank người dùng không xác định""","=""0""","=""0""","=""8""","=""Low""","=""false"""
"=""bắc á bank có an toàn không""","=""0""","=""0""","=""7""","=""Low""","=""false"""
"=""bắc á bank có thu phí không""","=""0""","=""0""","=""7""","=""Low""","=""false"""
"=""bắc á bank có mất phí duy trì không""","=""0""","=""0""","=""9""","=""Low""","=""false"""
"=""bắc á bank lê trọng tấn""","=""0""","=""0""","=""6""","=""Low""","=""false"""
"=""bắc á bank có bao nhiêu chi nhánh""","=""0""","=""0""","=""8""","=""Low""","=""false"""
"=""ngân hàng bắc á bank""","=""1600""","=""0.41""","=""5""","=""Low""","=""true"""
"=""tổng đài bắc á bank""","=""480""","=""0""","=""5""","=""Low""","=""false"""
"=""tuyển dụng bắc á bank""","=""210""","=""0.04""","=""5""","=""Low""","=""false"""
"=""thẻ tín dụng bắc á bank""","=""110""","=""0.66""","=""6""","=""Low""","=""false"""
"=""mail outlook bac a bank""","=""90""","=""0""","=""5""","=""Low""","=""false"""
"=""mở tài khoản bac a bank online""","=""50""","=""1.25""","=""7""","=""Low""","=""false"""
"=""thẻ bắc á bank""","=""50""","=""0""","=""4""","=""Low""","=""false"""
"=""đồng phục bắc á bank""","=""50""","=""0""","=""5""","=""Medium""","=""false"""
"=""ngan hang bac a bank""","=""40""","=""0""","=""5""","=""Low""","=""false"""
"=""tổng đài bac a bank""","=""40""","=""0""","=""5""","=""Low""","=""false"""
"=""tổng đài ngân hàng bắc á bank""","=""40""","=""0""","=""7""","=""Low""","=""false"""
"=""tuyen dung bac a bank""","=""30""","=""0""","=""5""","=""Low""","=""false"""
"=""lãi suất của bắc á bank""","=""30""","=""0""","=""6""","=""Low""","=""false"""
"=""lãi suất bac a bank mới nhất""","=""30""","=""0""","=""7""","=""Low""","=""true"""
"=""ngân hàng bắc a bank""","=""20""","=""0""","=""5""","=""Low""","=""false"""
"=""ngân hàng bắc á bank có uy tín không""","=""20""","=""0""","=""9""","=""Low""","=""true"""
"=""thẻ atm bắc á bank""","=""20""","=""0""","=""5""","=""Low""","=""true"""
"=""thẻ tín dụng bac a bank""","=""20""","=""0""","=""6""","=""Low""","=""false"""
"=""chi nhánh bắc a bank gần nhất""","=""20""","=""0""","=""7""","=""Low""","=""false"""
"=""mở the tín dụng bac a bank online""","=""20""","=""0.9""","=""8""","=""Medium""","=""false"""
"=""chi nhánh bắc á bank tphcm""","=""20""","=""0""","=""6""","=""Low""","=""false"""
"=""làm thẻ atm bắc á bank""","=""10""","=""0""","=""6""","=""Low""","=""false"""
"=""mở tài khoản bac a bank""","=""10""","=""0""","=""6""","=""Low""","=""false"""
"=""mở tài khoản bắc á bank""","=""10""","=""0""","=""6""","=""Low""","=""false"""
"=""ngân hàng bắc á bank tuyển dụng""","=""10""","=""0""","=""7""","=""Low""","=""false"""
"=""tiết kiệm online bắc á bank""","=""10""","=""0""","=""6""","=""Low""","=""false"""
"=""đăng ký bac a bank""","=""10""","=""0""","=""5""","=""Low""","=""false"""
"=""đăng ký bắc á bank""","=""10""","=""0""","=""5""","=""Low""","=""false"""
"=""đăng ký tài khoản bắc á bank online""","=""10""","=""0""","=""8""","=""Low""","=""false"""
"=""đăng nhập bac a bank""","=""10""","=""0""","=""5""","=""Low""","=""false"""
"=""sổ tiết kiệm bac a bank""","=""10""","=""0""","=""6""","=""Low""","=""false"""
"=""tại sao muốn làm việc tại bắc a bank""","=""10""","=""0""","=""9""","=""Low""","=""false"""
"=""lãi suất bắc a bank online""","=""10""","=""0""","=""6""","=""Low""","=""true"""
"=""smart otp bac a bank""","=""10""","=""0""","=""5""","=""Low""","=""false"""
"=""thẻ tín dụng bac a bank cashback platinum enjoy living""","=""10""","=""0""","=""10""","=""Low""","=""false"""
"=""review lương bắc a bank""","=""10""","=""0""","=""5""","=""Low""","=""false"""
"=""logo bắc a bank vector""","=""10""","=""0""","=""5""","=""Low""","=""true"""
"=""trái phiếu bắc a bank 2025""","=""10""","=""0""","=""6""","=""Low""","=""false"""
"=""lãi suất bắc á bank 6 tháng""","=""10""","=""0""","=""7""","=""Low""","=""false"""
"=""tuyển dụng bắc á bank 2022""","=""0""","=""0""","=""6""","=""Low""","=""false"""
"=""tải app bac a bank""","=""0""","=""0""","=""5""","=""Low""","=""false"""
"=""tai app bac a bank""","=""0""","=""0""","=""5""","=""Low""","=""false"""
"=""làm thẻ atm bac a bank online""","=""0""","=""0""","=""7""","=""Low""","=""false"""
"=""phí sms banking bac a bank""","=""0""","=""0""","=""6""","=""Low""","=""false"""
"=""call center bac a bank""","=""0""","=""0""","=""5""","=""Low""","=""false"""
"=""mã citad bac a bank""","=""0""","=""0""","=""5""","=""Low""","=""false"""
"=""cp bac a bank""","=""0""","=""0""","=""4""","=""Low""","=""false"""
"=""mẫu cv bac a bank""","=""0""","=""0""","=""5""","=""Low""","=""false"""
"=""dia chi bac a bank""","=""0""","=""0""","=""5""","=""Low""","=""false"""
"=""tong giam doc bac a bank""","=""0""","=""0""","=""6""","=""Low""","=""false"""
"=""fitch ratings bac a bank""","=""0""","=""0""","=""5""","=""Low""","=""false"""
"=""thẻ ghi nợ bac a bank""","=""0""","=""0""","=""6""","=""Low""","=""false"""
"=""gui tiet kiem bac a bank""","=""0""","=""0""","=""6""","=""Low""","=""false"""
"=""lai suat bac a bank hom nay""","=""0""","=""0""","=""7""","=""Low""","=""false"""
"=""thai huong bac a bank""","=""0""","=""0""","=""5""","=""Low""","=""false"""
"=""huy sms bac a bank""","=""0""","=""0""","=""5""","=""Low""","=""false"""
"=""cách huỷ sms bac a bank""","=""0""","=""0""","=""6""","=""Low""","=""false"""
"=""iban bac a bank""","=""0""","=""0""","=""4""","=""Low""","=""false"""
"=""is bac a bank in costa rica""","=""0""","=""0""","=""7""","=""Low""","=""false"""
"=""is bac a bank""","=""0""","=""0""","=""4""","=""Low""","=""false"""
"=""quên mật khẩu bac a bank""","=""0""","=""0""","=""6""","=""Low""","=""false"""
"=""tiet kiem bac a bank""","=""0""","=""0""","=""5""","=""Low""","=""false"""
"=""gửi tiết kiệm bac a bank có an toàn không""","=""0""","=""0""","=""10""","=""Low""","=""false"""
"=""gửi tiết kiệm bac a bank""","=""0""","=""0""","=""6""","=""Low""","=""false"""
"=""tai lieu bac a bank""","=""0""","=""0""","=""5""","=""Low""","=""false"""
"=""ls bac a bank""","=""0""","=""0""","=""4""","=""Low""","=""false"""
"=""mang luoi bac a bank""","=""0""","=""0""","=""5""","=""Low""","=""false"""
"=""thẻ tín dụng quốc tế bac a bank mastercard cashback platinum""","=""0""","=""0""","=""11""","=""Low""","=""false"""
"=""lai suat bac a bank moi nhat""","=""0""","=""0""","=""7""","=""Low""","=""false"""
"=""phí thường niên bac a bank""","=""0""","=""0""","=""6""","=""Low""","=""false"""
"=""nh bac a bank""","=""0""","=""0""","=""4""","=""Low""","=""false"""
"=""mở thẻ bắc á bank online""","=""0""","=""0""","=""6""","=""Low""","=""false"""
"=""làm thẻ atm bắc á bank online""","=""0""","=""0""","=""7""","=""Low""","=""false"""
"=""gửi online bắc á bank""","=""0""","=""0""","=""5""","=""Low""","=""false"""
"=""vay online bắc á bank""","=""0""","=""0""","=""5""","=""Low""","=""false"""
"=""outlook bac a bank""","=""0""","=""0""","=""4""","=""Low""","=""false"""
"=""thoi gian bac a bank phát hành trái phiếu năm 2025""","=""0""","=""0""","=""11""","=""Low""","=""false"""
"=""thẻ tín dụng bac a bank cashback platinum""","=""0""","=""0""","=""8""","=""Low""","=""false"""
"=""logo bac a bank png""","=""0""","=""0""","=""5""","=""Low""","=""false"""
"=""lấy mã qr bac a bank""","=""0""","=""0""","=""6""","=""Low""","=""false"""
"=""review phỏng vấn bắc a bank""","=""0""","=""0""","=""6""","=""Low""","=""false"""
"=""hủy sms bắc a bank""","=""0""","=""0""","=""5""","=""Low""","=""false"""
"=""tai bac a bank""","=""0""","=""0""","=""4""","=""Low""","=""false"""
"=""mã swift bac a bank""","=""0""","=""0""","=""5""","=""Low""","=""false"""
"=""chu tich bac a bank""","=""0""","=""0""","=""5""","=""Low""","=""false"""
"=""toà bắc á bank số 9 đào duy anh""","=""0""","=""0""","=""9""","=""Low""","=""false"""
"=""toà nhà bắc á bank""","=""0""","=""0""","=""5""","=""Low""","=""false"""
"=""công ty bắc á bank""","=""0""","=""0""","=""5""","=""Low""","=""false"""
"=""vay bac a bank""","=""0""","=""0""","=""4""","=""Low""","=""false"""
"=""lãi suất vay bac a bank""","=""0""","=""0""","=""6""","=""Low""","=""false"""
"=""vay tiêu dùng bac a bank""","=""0""","=""0""","=""6""","=""Low""","=""false"""
"=""website bac a bank""","=""0""","=""0""","=""4""","=""Low""","=""false"""
"=""lịch bắc á bank 2026""","=""0""","=""0""","=""5""","=""Low""","=""false"""
"=""lịch bắc á bank 2025""","=""0""","=""0""","=""5""","=""Low""","=""false"""
"=""lãi suất bắc á bank 2026""","=""0""","=""0""","=""6""","=""Low""","=""false"""
"=""lãi suất bắc á bank 2025""","=""0""","=""0""","=""6""","=""Low""","=""false"""
"=""lãi suất bắc á bank tháng 4 2026""","=""0""","=""0""","=""8""","=""Low""","=""false"""
"=""lãi suất bắc á bank 12 tháng""","=""0""","=""0""","=""7""","=""Low""","=""false"""
"=""lãi suất bắc á bank tháng 12 năm 2025""","=""0""","=""0""","=""9""","=""Low""","=""false"""
"=""lãi suất bắc á bank tháng 1 năm 2026""","=""0""","=""0""","=""9""","=""Low""","=""false"""
"=""lãi suất bắc á bank tháng 3 2026""","=""0""","=""0""","=""8""","=""Low""","=""false"""
"=""lãi suất bắc á bank tháng 3 năm 2026""","=""0""","=""0""","=""9""","=""Low""","=""false"""
"=""lãi suất bắc á bank tháng 9 2025""","=""0""","=""0""","=""8""","=""Low""","=""false"""
"=""lãi suất bắc á bank tháng 7 2025""","=""0""","=""0""","=""8""","=""Low""","=""false"""
"=""lãi suất bắc á bank tháng 7 năm 2025""","=""0""","=""0""","=""9""","=""Low""","=""false"""
"=""hotline của bắc á bank""","=""0""","=""0""","=""5""","=""Low""","=""false"""
"=""slogan của bắc á bank""","=""0""","=""0""","=""5""","=""Low""","=""false"""
"=""chủ của bắc á bank""","=""0""","=""0""","=""5""","=""Low""","=""false"""
"=""tổng đài của bắc á bank""","=""0""","=""0""","=""6""","=""Low""","=""false"""
"=""số hotline của bắc á bank""","=""0""","=""0""","=""6""","=""Low""","=""false"""
"=""viết tắt của bắc á bank""","=""0""","=""0""","=""6""","=""Low""","=""false"""
"=""đăng nhập bắc á bank trên web""","=""0""","=""0""","=""7""","=""Low""","=""false"""
"=""xem lịch sử giao dịch bac a bank trên app""","=""0""","=""0""","=""10""","=""Low""","=""false"""
"=""lịch để bàn bắc á bank""","=""0""","=""0""","=""6""","=""Low""","=""false"""
"=""tô cam cùng bắc á bank""","=""0""","=""0""","=""6""","=""Low""","=""false"""
"=""việc làm bắc á bank""","=""0""","=""0""","=""5""","=""Low""","=""false"""
"=""nam a bank bắc từ liêm""","=""480""","=""0""","=""6""","=""Low""","=""false"""
"=""ngân hàng bắc á gần nhất""","=""390""","=""0""","=""6""","=""Low""","=""false"""
"=""ngân hàng thương mại cổ phần bắc á""","=""320""","=""0""","=""8""","=""Low""","=""false"""
"=""bac a commercial joint stock bank""","=""320""","=""0""","=""6""","=""Low""","=""true"""
"=""nam a bank bắc hà nội""","=""320""","=""0""","=""6""","=""Low""","=""true"""
"=""bắc á tuyển dụng""","=""210""","=""0.03""","=""4""","=""Low""","=""false"""
"=""tổng đài bắc á""","=""170""","=""0""","=""4""","=""Low""","=""true"""
"=""nam a bank bạc liêu""","=""140""","=""0""","=""5""","=""Low""","=""true"""
"=""ngan hang bac""","=""90""","=""0""","=""3""","=""Low""","=""true"""
"=""ngân hàng bắc""","=""90""","=""0""","=""3""","=""Low""","=""true"""
"=""tổng đài ngân hàng bắc a""","=""90""","=""0""","=""6""","=""Low""","=""true"""
"=""tổng đài ngân hàng bắc á""","=""90""","=""0""","=""6""","=""Low""","=""true"""
"=""tuyển dụng ngân hàng bắc á""","=""50""","=""0.04""","=""6""","=""Low""","=""false"""
"=""nam a bank bắc sài gòn""","=""30""","=""0""","=""6""","=""Low""","=""false"""
"=""mở tài khoản bắc á online""","=""20""","=""0""","=""6""","=""Low""","=""false"""
"=""ngân hàng bắc á có uy tín không""","=""20""","=""0""","=""8""","=""Low""","=""true"""
"=""bacabank mobile banking""","=""10""","=""0""","=""3""","=""Low""","=""false"""
"=""e banking bac a""","=""10""","=""0""","=""4""","=""Low""","=""false"""
"=""thông tin về ngân hàng bắc á""","=""10""","=""0""","=""7""","=""Low""","=""false"""
"=""thẻ ngân hàng bắc á""","=""10""","=""0""","=""5""","=""Low""","=""false"""
"=""tìm hiểu về ngân hàng bắc á""","=""10""","=""0""","=""7""","=""Low""","=""false"""
"=""bac bank america""","=""10""","=""0""","=""3""","=""Low""","=""false"""
"=""bac bahamas bank ltd""","=""10""","=""0""","=""4""","=""Low""","=""false"""
"=""bac community bank""","=""10""","=""0""","=""3""","=""Low""","=""false"""
"=""bac credomatic bank""","=""10""","=""0""","=""3""","=""Low""","=""false"""
"=""bac bank florida""","=""10""","=""0""","=""3""","=""Low""","=""false"""
"=""bac bank full form""","=""10""","=""0""","=""4""","=""Low""","=""false"""
"=""bac bank guatemala""","=""10""","=""0""","=""3""","=""Low""","=""false"""
"=""bbac bank lebanon""","=""10""","=""0""","=""3""","=""Low""","=""false"""
"=""bac bank meaning""","=""10""","=""0""","=""3""","=""Low""","=""false"""
"=""bac community bank near me""","=""10""","=""0""","=""5""","=""Low""","=""false"""
"=""bac bank panama""","=""10""","=""0""","=""3""","=""Low""","=""false"""
"=""bac international bank panama""","=""10""","=""0""","=""4""","=""Low""","=""false"""
"=""bac international bank panamá""","=""10""","=""0""","=""4""","=""Low""","=""false"""
"=""bac international bank panama inc""","=""10""","=""0""","=""5""","=""Low""","=""false"""
"=""bac bank stock price""","=""10""","=""0""","=""4""","=""Low""","=""false"""
"=""bac bank of america""","=""10""","=""0""","=""4""","=""Low""","=""false"""
"=""bac bank of america stock""","=""10""","=""0""","=""5""","=""Low""","=""false"""
"=""banco america first""","=""0""","=""0""","=""3""","=""Low""","=""false"""
"=""bac florida bank address""","=""0""","=""0""","=""4""","=""Low""","=""false"""
"=""bac bank brentwood""","=""0""","=""0""","=""3""","=""Low""","=""false"""
"=""bac bank brentwood ca""","=""0""","=""0""","=""4""","=""Low""","=""false"""
"=""bac community bank brentwood""","=""0""","=""0""","=""4""","=""Low""","=""false"""
"=""bac community bank brentwood ca""","=""0""","=""0""","=""5""","=""Low""","=""false"""
"=""bac florida bank bradesco""","=""0""","=""0""","=""4""","=""Low""","=""false"""
"=""bac community bank customer service""","=""0""","=""0""","=""5""","=""Low""","=""false"""
"=""bac florida bank en línea""","=""0""","=""0""","=""5""","=""Low""","=""false"""
"=""bac florida bank login""","=""0""","=""0""","=""4""","=""Low""","=""false"""
"=""bac florida bank miami""","=""0""","=""0""","=""4""","=""Low""","=""false"""
"=""bac florida bank routing number""","=""0""","=""0""","=""5""","=""Low""","=""false"""
"=""bac florida bank coral gables""","=""0""","=""0""","=""5""","=""Low""","=""false"""
"=""bac florida bank swift code""","=""0""","=""0""","=""5""","=""Low""","=""false"""
"=""bac florida bank swift""","=""0""","=""0""","=""4""","=""Low""","=""false"""
"=""bac international bank grand cayman""","=""0""","=""0""","=""5""","=""Low""","=""false"""
"=""bac bank miami""","=""0""","=""0""","=""3""","=""Low""","=""false"""
"=""bac bank miami florida""","=""0""","=""0""","=""4""","=""Low""","=""false"""
"=""bac bank modesto""","=""0""","=""0""","=""3""","=""Low""","=""false"""
"=""bac bank payment""","=""0""","=""0""","=""3""","=""Low""","=""false"""
"=""bac bank routing number""","=""0""","=""0""","=""4""","=""Low""","=""false"""
"=""bac community bank routing number""","=""0""","=""0""","=""5""","=""Low""","=""false"""
"=""bac bank stockton""","=""0""","=""0""","=""3""","=""Low""","=""false"""
"=""bac bank stock price today""","=""0""","=""0""","=""5""","=""Low""","=""false"""
"=""bac bank stockton ca""","=""0""","=""0""","=""4""","=""Low""","=""false"""
"=""bac community bank stockton""","=""0""","=""0""","=""4""","=""Low""","=""false"""
"=""bac bank usa""","=""0""","=""0""","=""3""","=""Low""","=""false"""
"=""bac bank of america corp""","=""0""","=""0""","=""5""","=""Low""","=""false"""
"=""bac bank of america corporation""","=""0""","=""0""","=""5""","=""Low""","=""false"""
"=""bac abbreviation bank""","=""0""","=""0""","=""3""","=""Low""","=""false"""
"=""bac florida bank aba""","=""0""","=""0""","=""4""","=""Low""","=""false"""
"=""bac ab bank""","=""0""","=""0""","=""3""","=""Low""","=""false"""
"=""bac bank acronym""","=""0""","=""0""","=""3""","=""Low""","=""false"""
"=""bank account number bac""","=""0""","=""0""","=""4""","=""Low""","=""false"""
"=""bac bank address""","=""0""","=""0""","=""3""","=""Low""","=""false"""
"=""bac international bank address""","=""0""","=""0""","=""4""","=""Low""","=""false"""
"=""bac community bank address""","=""0""","=""0""","=""4""","=""Low""","=""false"""
"=""bac credomatic bank address""","=""0""","=""0""","=""4""","=""Low""","=""false"""
"=""bac a commercial joint stock bank address""","=""0""","=""0""","=""7""","=""Low""","=""false"""
"=""bac bank apa""","=""0""","=""0""","=""3""","=""Low""","=""false"""
"=""bac community bank app""","=""0""","=""0""","=""4""","=""Low""","=""false"""
"=""bac bank atm near me""","=""0""","=""0""","=""5""","=""Low""","=""false"""
"=""bac international bank atencion al cliente""","=""0""","=""0""","=""6""","=""Low""","=""false"""
"=""bac community bank atm""","=""0""","=""0""","=""4""","=""Low""","=""false"""
"=""bac bahamas bank limited""","=""0""","=""0""","=""4""","=""Low""","=""false"""
"=""bac bank bic""","=""0""","=""0""","=""3""","=""Low""","=""false"""
"=""bac community bank bin""","=""0""","=""0""","=""4""","=""Low""","=""false"""
"=""bac bank boquete panama""","=""0""","=""0""","=""4""","=""Low""","=""false"""
"=""bac bank bradesco""","=""0""","=""0""","=""3""","=""Low""","=""false"""
"=""bac bank branch""","=""0""","=""0""","=""3""","=""Low""","=""false"""
"=""bac bank cd rates""","=""0""","=""0""","=""4""","=""Low""","=""false"""
"=""bac florida bank cd pymt""","=""0""","=""0""","=""5""","=""Low""","=""false"""
"=""bac community bank cd rates""","=""0""","=""0""","=""5""","=""Low""","=""false"""
"=""bac bank ceo""","=""0""","=""0""","=""3""","=""Low""","=""false"""
"=""bac bank central america""","=""0""","=""0""","=""4""","=""Low""","=""false"""
"=""bac community bank ceo""","=""0""","=""0""","=""4""","=""Low""","=""false"""
"=""bac international bank cerca de mi""","=""0""","=""0""","=""6""","=""Low""","=""false"""
"=""bac a commercial bank""","=""0""","=""0""","=""4""","=""Low""","=""false"""
"=""bac bank com""","=""0""","=""0""","=""3""","=""Low""","=""false"""
"=""bac bank credit card""","=""0""","=""0""","=""4""","=""Low""","=""false"""
"=""bac credomatic bank code""","=""0""","=""0""","=""4""","=""Low""","=""false"""
"=""bac international bank credit rating""","=""0""","=""0""","=""5""","=""Low""","=""false"""
"=""bac credomatic bank swift code""","=""0""","=""0""","=""5""","=""Low""","=""false"""
"=""bac credomatic bank of america""","=""0""","=""0""","=""5""","=""Low""","=""false"""
"=""bac community bank credit card""","=""0""","=""0""","=""5""","=""Low""","=""false"""
"=""bac bank customer service""","=""0""","=""0""","=""4""","=""Low""","=""false"""
"=""bac bank customer service phone number""","=""0""","=""0""","=""6""","=""Low""","=""false"""
"=""bac community bank customer service phone number""","=""0""","=""0""","=""7""","=""Low""","=""false"""
"=""bac bank details""","=""0""","=""0""","=""3""","=""Low""","=""false"""
"=""bac international bank de donde es""","=""0""","=""0""","=""6""","=""Low""","=""false"""
"=""bac dinh bank""","=""0""","=""0""","=""3""","=""Low""","=""false"""
"=""bac international bank direccion""","=""0""","=""0""","=""4""","=""Low""","=""false"""
"=""bac florida bank ecuador""","=""0""","=""0""","=""4""","=""Low""","=""false"""
"=""bac bank el salvador""","=""0""","=""0""","=""4""","=""Low""","=""false"""
"=""bac international bank el salvador""","=""0""","=""0""","=""5""","=""Low""","=""false"""
"=""bac bank exchange rate""","=""0""","=""0""","=""4""","=""Low""","=""false"""
"=""bac community bank external transfer limit""","=""0""","=""0""","=""6""","=""Low""","=""false"""
"=""bac international bank estados financieros""","=""0""","=""0""","=""5""","=""Low""","=""false"""
"=""bac es bank of america""","=""0""","=""0""","=""5""","=""Low""","=""false"""
"=""bac international bank español""","=""0""","=""0""","=""4""","=""Low""","=""false"""
"=""bac international bank fitch""","=""0""","=""0""","=""4""","=""Low""","=""false"""
"=""bac international bank financial statements""","=""0""","=""0""","=""5""","=""Low""","=""false"""
"=""bac guidelines bank of america""","=""0""","=""0""","=""5""","=""Low""","=""false"""
"=""bac international bank guatemala""","=""0""","=""0""","=""4""","=""Low""","=""false"""
"=""bac guatemala bank code""","=""0""","=""0""","=""4""","=""Low""","=""false"""
"=""nam a bank bac sai gon""","=""0""","=""0""","=""6""","=""Low""","=""false"""
"=""is bac a good bank""","=""0""","=""0""","=""5""","=""Low""","=""false"""
"=""brac a bank head office""","=""0""","=""0""","=""5""","=""Low""","=""false"""
"=""bac bank headquarters""","=""0""","=""0""","=""3""","=""Low""","=""false"""
"=""bac community bank headquarters""","=""0""","=""0""","=""4""","=""Low""","=""false"""
"=""bac community bank hq""","=""0""","=""0""","=""4""","=""Low""","=""false"""
"=""bac bank identification code""","=""0""","=""0""","=""4""","=""Low""","=""false"""
"=""bac bank id""","=""0""","=""0""","=""3""","=""Low""","=""false"""
"=""bac ice bank""","=""0""","=""0""","=""3""","=""Low""","=""false"""
"=""bac credomatic is a bank""","=""0""","=""0""","=""5""","=""Low""","=""false"""
"=""what is a bac bank transfer""","=""0""","=""0""","=""6""","=""Low""","=""false"""
"=""bac bank jaco""","=""0""","=""0""","=""3""","=""Low""","=""false"""
"=""bac a commercial joint stock bank annual report""","=""0""","=""0""","=""8""","=""Low""","=""false"""
"=""bac bank jobs""","=""0""","=""0""","=""3""","=""Low""","=""false"""
"=""bac community bank jobs""","=""0""","=""0""","=""4""","=""Low""","=""false"""
"=""bac a commercial joint stock bank swift code""","=""0""","=""0""","=""8""","=""Low""","=""false"""
"=""nam a bank bạc liêu ảnh""","=""0""","=""0""","=""6""","=""Low""","=""false"""
"=""bac international bank logo""","=""0""","=""0""","=""4""","=""Low""","=""false"""
"=""bac bank march lane""","=""0""","=""0""","=""4""","=""Low""","=""false"""
"=""bạc mb bank""","=""0""","=""0""","=""3""","=""Low""","=""false"""
"=""bac bank mexico""","=""0""","=""0""","=""3""","=""Low""","=""false"""
"=""bac meaning bank statement""","=""0""","=""0""","=""4""","=""Low""","=""false"""
"=""bac meaning bank of america""","=""0""","=""0""","=""5""","=""Low""","=""false"""
"=""bac bank mobile deposit funds availability""","=""0""","=""0""","=""6""","=""Low""","=""false"""
"=""bac bank modesto ca""","=""0""","=""0""","=""4""","=""Low""","=""false"""
"=""bac community bank modesto""","=""0""","=""0""","=""4""","=""Low""","=""false"""
"=""bac community bank mobile deposit funds availability""","=""0""","=""0""","=""7""","=""Low""","=""false"""
"=""bac community bank modesto reviews""","=""0""","=""0""","=""5""","=""Low""","=""false"""
"=""bac international bank multibank""","=""0""","=""0""","=""4""","=""Low""","=""false"""
"=""nam a bank bắc từ liêm hà nội""","=""0""","=""0""","=""8""","=""Low""","=""false"""
"=""nam a bank bắc ninh""","=""0""","=""0""","=""5""","=""Low""","=""false"""
"=""nam a bank bắc ninh ảnh""","=""0""","=""0""","=""6""","=""Low""","=""false"""
"=""bac bank nosara""","=""0""","=""0""","=""3""","=""Low""","=""false"""
"=""bac bank number""","=""0""","=""0""","=""3""","=""Low""","=""false"""
"=""bac international bank numero de telefono""","=""0""","=""0""","=""6""","=""Low""","=""false"""
"=""bac on a bank statement""","=""0""","=""0""","=""5""","=""Low""","=""false"""
"=""bac bank owner""","=""0""","=""0""","=""3""","=""Low""","=""false"""
"=""bac international bank ownership""","=""0""","=""0""","=""4""","=""Low""","=""false"""
"=""bac bank panama sucursales""","=""0""","=""0""","=""4""","=""Low""","=""false"""
"=""bac bank panama swift code""","=""0""","=""0""","=""5""","=""Low""","=""false"""
"=""bac bank panama city panama""","=""0""","=""0""","=""5""","=""Low""","=""false"""
"=""bac private bank""","=""0""","=""0""","=""3""","=""Low""","=""false"""
"=""bac private bank login""","=""0""","=""0""","=""4""","=""Low""","=""false"""
"=""bac community bank reviews""","=""0""","=""0""","=""4""","=""Low""","=""false"""
"=""bac international bank routing number""","=""0""","=""0""","=""5""","=""Low""","=""false"""
"=""bac international bank ruc""","=""0""","=""0""","=""4""","=""Low""","=""false"""
"=""bac international bank servicio al cliente""","=""0""","=""0""","=""6""","=""Low""","=""false"""
"=""bạc saco bank""","=""0""","=""0""","=""3""","=""Low""","=""false"""
"=""bac bank san jose""","=""0""","=""0""","=""4""","=""Low""","=""false"""
"=""bac bank san jose costa rica""","=""0""","=""0""","=""6""","=""Low""","=""false"""
"=""bac bank santa teresa""","=""0""","=""0""","=""4""","=""Low""","=""false"""
"=""bac bank san marino""","=""0""","=""0""","=""4""","=""Low""","=""false"""
"=""bac bank san juan del sur""","=""0""","=""0""","=""6""","=""Low""","=""false"""
"=""bac bank santa ana""","=""0""","=""0""","=""4""","=""Low""","=""false"""
"=""bac international bank sa""","=""0""","=""0""","=""4""","=""Low""","=""false"""
"=""bac bank stands for""","=""0""","=""0""","=""4""","=""Low""","=""false"""
"=""bac international bank telefono""","=""0""","=""0""","=""4""","=""Low""","=""false"""
"=""bac community bank swift code""","=""0""","=""0""","=""5""","=""Low""","=""false"""
"=""bac international bank swift code""","=""0""","=""0""","=""5""","=""Low""","=""false"""
"=""bac international bank swift""","=""0""","=""0""","=""4""","=""Low""","=""false"""
"=""bac bank uk""","=""0""","=""0""","=""3""","=""Low""","=""false"""
"=""bac bank united states""","=""0""","=""0""","=""4""","=""Low""","=""false"""
"=""bac international bank usa""","=""0""","=""0""","=""4""","=""Low""","=""false"""
"=""bac bank weber""","=""0""","=""0""","=""3""","=""Low""","=""false"""
"=""bac which bank""","=""0""","=""0""","=""3""","=""Low""","=""false"""
"=""bac international bank whatsapp""","=""0""","=""0""","=""4""","=""Low""","=""false"""
"=""bac bank wikipedia""","=""0""","=""0""","=""3""","=""Low""","=""false"""
"=""bac international bank wikipedia""","=""0""","=""0""","=""4""","=""Low""","=""false"""
"=""bac bank zelle""","=""0""","=""0""","=""3""","=""Low""","=""false"""
"=""bac bank of""","=""0""","=""0""","=""3""","=""Low""","=""false"""
