Id,Project,Project Cha,Link
1,MOMO,,https://momovn-dev.mservice.io/cms/management/project/edit/1
644,MoMo Feedback,MOMO,https://momovn-dev.mservice.io/cms/management/project/edit/644
12,OTA,,https://momovn-dev.mservice.io/cms/management/project/edit/12
6,Vé máy bay,OTA,https://momovn-dev.mservice.io/cms/management/project/edit/6
130,Vietnam Airlines,Vé máy bay,https://momovn-dev.mservice.io/cms/management/project/edit/130
131,Bamboo Airways,Vé máy bay,https://momovn-dev.mservice.io/cms/management/project/edit/131
132,Pacific Airlines,Vé máy bay,https://momovn-dev.mservice.io/cms/management/project/edit/132
133,Vietjet Air,Vé máy bay,https://momovn-dev.mservice.io/cms/management/project/edit/133
7,Vé tàu hỏa,OTA,https://momovn-dev.mservice.io/cms/management/project/edit/7
8,Vé xe khách,OTA,https://momovn-dev.mservice.io/cms/management/project/edit/8
349,Phương Trang,Vé xe khách,https://momovn-dev.mservice.io/cms/management/project/edit/349
643,Vé xe Tết,Vé xe khách,https://momovn-dev.mservice.io/cms/management/project/edit/643
9,Đặt khách sạn,OTA,https://momovn-dev.mservice.io/cms/management/project/edit/9
246,OTA Game,OTA,https://momovn-dev.mservice.io/cms/management/project/edit/246
367,Điểm đến ước mơ,OTA Game,https://momovn-dev.mservice.io/cms/management/project/edit/367
211,Khách sạn theo giờ,OTA,https://momovn-dev.mservice.io/cms/management/project/edit/211
160,Điểm đến,OTA,https://momovn-dev.mservice.io/cms/management/project/edit/160
726,Hàn Quốc,Điểm đến,https://momovn-dev.mservice.io/cms/management/project/edit/726
727,Nhật Bản,Điểm đến,https://momovn-dev.mservice.io/cms/management/project/edit/727
725,Trung Quốc,Điểm đến,https://momovn-dev.mservice.io/cms/management/project/edit/725
728,Singapore,Điểm đến,https://momovn-dev.mservice.io/cms/management/project/edit/728
729,Malaysia,Điểm đến,https://momovn-dev.mservice.io/cms/management/project/edit/729
273,Thái Lan,Điểm đến,https://momovn-dev.mservice.io/cms/management/project/edit/273
151,Côn Đảo,Điểm đến,https://momovn-dev.mservice.io/cms/management/project/edit/151
155,Phú Quốc,Điểm đến,https://momovn-dev.mservice.io/cms/management/project/edit/155
161,Miền Tây,Điểm đến,https://momovn-dev.mservice.io/cms/management/project/edit/161
169,Món ngon Việt Nam,Điểm đến,https://momovn-dev.mservice.io/cms/management/project/edit/169
170,Kinh nghiệm du lịch Việt Nam,Điểm đến,https://momovn-dev.mservice.io/cms/management/project/edit/170
180,Du lịch cặp đôi,Điểm đến,https://momovn-dev.mservice.io/cms/management/project/edit/180
181,Hội An,Điểm đến,https://momovn-dev.mservice.io/cms/management/project/edit/181
182,Sapa,Điểm đến,https://momovn-dev.mservice.io/cms/management/project/edit/182
183,Đà Lạt,Điểm đến,https://momovn-dev.mservice.io/cms/management/project/edit/183
184,Đà Nẵng,Điểm đến,https://momovn-dev.mservice.io/cms/management/project/edit/184
207,Hà Nội,Điểm đến,https://momovn-dev.mservice.io/cms/management/project/edit/207
208,TP.HCM,Điểm đến,https://momovn-dev.mservice.io/cms/management/project/edit/208
240,Cần Thơ,Điểm đến,https://momovn-dev.mservice.io/cms/management/project/edit/240
242,Nha Trang,Điểm đến,https://momovn-dev.mservice.io/cms/management/project/edit/242
252,Bình Thuận,Điểm đến,https://momovn-dev.mservice.io/cms/management/project/edit/252
253,Huế,Điểm đến,https://momovn-dev.mservice.io/cms/management/project/edit/253
255,Tây Ninh,Điểm đến,https://momovn-dev.mservice.io/cms/management/project/edit/255
256,Quảng Ninh,Điểm đến,https://momovn-dev.mservice.io/cms/management/project/edit/256
257,Quảng Bình,Điểm đến,https://momovn-dev.mservice.io/cms/management/project/edit/257
259,Sơn La,Điểm đến,https://momovn-dev.mservice.io/cms/management/project/edit/259
260,Bà Rịa - Vũng Tàu,Điểm đến,https://momovn-dev.mservice.io/cms/management/project/edit/260
262,Ninh Thuận,Điểm đến,https://momovn-dev.mservice.io/cms/management/project/edit/262
263,Bình Định,Điểm đến,https://momovn-dev.mservice.io/cms/management/project/edit/263
264,Phú Yên,Điểm đến,https://momovn-dev.mservice.io/cms/management/project/edit/264
265,Hòa Bình,Điểm đến,https://momovn-dev.mservice.io/cms/management/project/edit/265
266,Ninh Bình,Điểm đến,https://momovn-dev.mservice.io/cms/management/project/edit/266
272,Du lịch nước ngoài,Điểm đến,https://momovn-dev.mservice.io/cms/management/project/edit/272
274,Hải Phòng,Điểm đến,https://momovn-dev.mservice.io/cms/management/project/edit/274
275,Cà Mau,Điểm đến,https://momovn-dev.mservice.io/cms/management/project/edit/275
276,Cao Bằng,Điểm đến,https://momovn-dev.mservice.io/cms/management/project/edit/276
277,Thanh Hóa,Điểm đến,https://momovn-dev.mservice.io/cms/management/project/edit/277
278,Gia Lai,Điểm đến,https://momovn-dev.mservice.io/cms/management/project/edit/278
279,Kiên Giang,Điểm đến,https://momovn-dev.mservice.io/cms/management/project/edit/279
289,Vĩnh Phúc,Điểm đến,https://momovn-dev.mservice.io/cms/management/project/edit/289
293,Lào Cai,Điểm đến,https://momovn-dev.mservice.io/cms/management/project/edit/293
294,Nghệ An,Điểm đến,https://momovn-dev.mservice.io/cms/management/project/edit/294
296,Đồng Nai,Điểm đến,https://momovn-dev.mservice.io/cms/management/project/edit/296
306,Đồng Tháp,Điểm đến,https://momovn-dev.mservice.io/cms/management/project/edit/306
307,Điện Biên,Điểm đến,https://momovn-dev.mservice.io/cms/management/project/edit/307
308,Quảng Nam,Điểm đến,https://momovn-dev.mservice.io/cms/management/project/edit/308
317,Sài Gòn,Điểm đến,https://momovn-dev.mservice.io/cms/management/project/edit/317
325,Bình Dương,Điểm đến,https://momovn-dev.mservice.io/cms/management/project/edit/325
327,Kon Tum,Điểm đến,https://momovn-dev.mservice.io/cms/management/project/edit/327
329,Hà Nam,Điểm đến,https://momovn-dev.mservice.io/cms/management/project/edit/329
332,Bắc Kạn,Điểm đến,https://momovn-dev.mservice.io/cms/management/project/edit/332
333,Đắk Lắk,Điểm đến,https://momovn-dev.mservice.io/cms/management/project/edit/333
334,Hà Giang,Điểm đến,https://momovn-dev.mservice.io/cms/management/project/edit/334
335,An Giang,Điểm đến,https://momovn-dev.mservice.io/cms/management/project/edit/335
193,Thuê xe,OTA,https://momovn-dev.mservice.io/cms/management/project/edit/193
219,Vé khu vui chơi,OTA,https://momovn-dev.mservice.io/cms/management/project/edit/219
378,Vé trải nghiệm,OTA,https://momovn-dev.mservice.io/cms/management/project/edit/378
216,Bảo hiểm xe máy,,https://momovn-dev.mservice.io/cms/management/project/edit/216
304,[PROMOTION] - Deal Ăn Uống Cực Chất,Deal,https://momovn-dev.mservice.io/cms/management/project/edit/304
732,Popup Ads,,https://momovn-dev.mservice.io/cms/management/project/edit/732
733,[Exclude] Billpay T4/26,Popup Ads,https://momovn-dev.mservice.io/cms/management/project/edit/733
736,Bảo hiểm xe máy Landing Page,,https://momovn-dev.mservice.io/cms/management/project/edit/736
13,Bảo hiểm,,https://momovn-dev.mservice.io/cms/management/project/edit/13
343,Bảo hiểm sức khỏe,Bảo hiểm,https://momovn-dev.mservice.io/cms/management/project/edit/343
320,Bảo hiểm ô tô,Bảo hiểm,https://momovn-dev.mservice.io/cms/management/project/edit/320
321,Bảo hiểm vật chất ô tô,Bảo hiểm ô tô,https://momovn-dev.mservice.io/cms/management/project/edit/321
322,Bảo hiểm trách nhiệm dân sự ô tô,Bảo hiểm ô tô,https://momovn-dev.mservice.io/cms/management/project/edit/322
542,Bảo Hiểm Y Tế,Bảo hiểm,https://momovn-dev.mservice.io/cms/management/project/edit/542
57,Tài chính - Bảo hiểm,,https://momovn-dev.mservice.io/cms/management/project/edit/57
58,Tài chính,Tài chính - Bảo hiểm,https://momovn-dev.mservice.io/cms/management/project/edit/58
353,Bảo hiểm Du lịch,Tài chính - Bảo hiểm,https://momovn-dev.mservice.io/cms/management/project/edit/353
17,Túi Thần Tài,Tài chính - Bảo hiểm,https://momovn-dev.mservice.io/cms/management/project/edit/17
16,Ví Trả Sau,Tài chính - Bảo hiểm,https://momovn-dev.mservice.io/cms/management/project/edit/16
362,Ăn uống,Ví Trả Sau,https://momovn-dev.mservice.io/cms/management/project/edit/362
363,Mua sắm - Làm đẹp,Ví Trả Sau,https://momovn-dev.mservice.io/cms/management/project/edit/363
364,Du lịch - Giải trí,Ví Trả Sau,https://momovn-dev.mservice.io/cms/management/project/edit/364
365,Khác,Ví Trả Sau,https://momovn-dev.mservice.io/cms/management/project/edit/365
734,Ví Trả Sau Landing Page,Tài chính - Bảo hiểm,https://momovn-dev.mservice.io/cms/management/project/edit/734
192,Thanh toán phí bảo hiểm,Tài chính - Bảo hiểm,https://momovn-dev.mservice.io/cms/management/project/edit/192
213,Thanh toán khoản vay,Tài chính - Bảo hiểm,https://momovn-dev.mservice.io/cms/management/project/edit/213
384,Mở thẻ tín dụng,Tài chính - Bảo hiểm,https://momovn-dev.mservice.io/cms/management/project/edit/384
222,Sàn Đầu Tư,Tài chính - Bảo hiểm,https://momovn-dev.mservice.io/cms/management/project/edit/222
224,Chứng Chỉ Quỹ,Sàn Đầu Tư,https://momovn-dev.mservice.io/cms/management/project/edit/224
235,Tiết Kiệm Online,Sàn Đầu Tư,https://momovn-dev.mservice.io/cms/management/project/edit/235
405,Chứng khoán,Sàn Đầu Tư,https://momovn-dev.mservice.io/cms/management/project/edit/405
236,Nhận tiền Quốc tế,Tài chính - Bảo hiểm,https://momovn-dev.mservice.io/cms/management/project/edit/236
243,Điểm Tin Cậy,Tài chính - Bảo hiểm,https://momovn-dev.mservice.io/cms/management/project/edit/243
300,Trả góp Flik,Tài chính - Bảo hiểm,https://momovn-dev.mservice.io/cms/management/project/edit/300
310,Thẻ Tín Dụng,Tài chính - Bảo hiểm,https://momovn-dev.mservice.io/cms/management/project/edit/310
341,Tiệm Vàng Online,Tài chính - Bảo hiểm,https://momovn-dev.mservice.io/cms/management/project/edit/341
351,Trả Góp Apple,Tài chính - Bảo hiểm,https://momovn-dev.mservice.io/cms/management/project/edit/351
379,Bảo hiểm Du lịch Quốc tế,Tài chính - Bảo hiểm,https://momovn-dev.mservice.io/cms/management/project/edit/379
412,Tài chính siêu tốc,Tài chính - Bảo hiểm,https://momovn-dev.mservice.io/cms/management/project/edit/412
357,Nạp tiền,Tài chính - Bảo hiểm,https://momovn-dev.mservice.io/cms/management/project/edit/357
806,Điểm tín dụng,Tài chính - Bảo hiểm,https://momovn-dev.mservice.io/cms/management/project/edit/806
305,[PROMOTION] - Mua Sắm,Deal,https://momovn-dev.mservice.io/cms/management/project/edit/305
315,[PROMOTION] - Giải Trí,Deal,https://momovn-dev.mservice.io/cms/management/project/edit/315
461,Soundbox,,https://momovn-dev.mservice.io/cms/management/project/edit/461
312,[PROMOTION] - Du lịch - Đi lại,Deal,https://momovn-dev.mservice.io/cms/management/project/edit/312
10,Cinema,,https://momovn-dev.mservice.io/cms/management/project/edit/10
91,Phim chiếu,Cinema,https://momovn-dev.mservice.io/cms/management/project/edit/91
92,Bí ẩn,Phim chiếu,https://momovn-dev.mservice.io/cms/management/project/edit/92
93,Chiến tranh,Phim chiếu,https://momovn-dev.mservice.io/cms/management/project/edit/93
94,Chính kịch,Phim chiếu,https://momovn-dev.mservice.io/cms/management/project/edit/94
95,Gay cấn,Phim chiếu,https://momovn-dev.mservice.io/cms/management/project/edit/95
96,Gia đình,Phim chiếu,https://momovn-dev.mservice.io/cms/management/project/edit/96
97,Hài,Phim chiếu,https://momovn-dev.mservice.io/cms/management/project/edit/97
98,Hành động,Phim chiếu,https://momovn-dev.mservice.io/cms/management/project/edit/98
99,Hình sự,Phim chiếu,https://momovn-dev.mservice.io/cms/management/project/edit/99
100,Phiêu lưu,Phim chiếu,https://momovn-dev.mservice.io/cms/management/project/edit/100
101,Hoạt hình,Phim chiếu,https://momovn-dev.mservice.io/cms/management/project/edit/101
102,Khoa học - Viễn tưởng,Phim chiếu,https://momovn-dev.mservice.io/cms/management/project/edit/102
103,Kinh dị,Phim chiếu,https://momovn-dev.mservice.io/cms/management/project/edit/103
104,Lãng mạn,Phim chiếu,https://momovn-dev.mservice.io/cms/management/project/edit/104
107,Lịch sử,Phim chiếu,https://momovn-dev.mservice.io/cms/management/project/edit/107
108,Tài liệu,Phim chiếu,https://momovn-dev.mservice.io/cms/management/project/edit/108
109,Thảm hoạ,Phim chiếu,https://momovn-dev.mservice.io/cms/management/project/edit/109
110,Tình cảm,Phim chiếu,https://momovn-dev.mservice.io/cms/management/project/edit/110
111,Tội phạm,Phim chiếu,https://momovn-dev.mservice.io/cms/management/project/edit/111
112,Thể thao,Phim chiếu,https://momovn-dev.mservice.io/cms/management/project/edit/112
113,Võ thuật,Phim chiếu,https://momovn-dev.mservice.io/cms/management/project/edit/113
114,Giật gân,Phim chiếu,https://momovn-dev.mservice.io/cms/management/project/edit/114
115,Drama,Phim chiếu,https://momovn-dev.mservice.io/cms/management/project/edit/115
116,Âm Nhạc,Phim chiếu,https://momovn-dev.mservice.io/cms/management/project/edit/116
117,Ma,Phim chiếu,https://momovn-dev.mservice.io/cms/management/project/edit/117
118,Cổ Trang,Phim chiếu,https://momovn-dev.mservice.io/cms/management/project/edit/118
119,Tâm lý,Phim chiếu,https://momovn-dev.mservice.io/cms/management/project/edit/119
120,Trinh thám,Phim chiếu,https://momovn-dev.mservice.io/cms/management/project/edit/120
121,Kiếm hiệp,Phim chiếu,https://momovn-dev.mservice.io/cms/management/project/edit/121
150,Anime,Phim chiếu,https://momovn-dev.mservice.io/cms/management/project/edit/150
123,Hack Não,Phim chiếu,https://momovn-dev.mservice.io/cms/management/project/edit/123
124,Vòng lặp,Phim chiếu,https://momovn-dev.mservice.io/cms/management/project/edit/124
125,Siêu Trộm,Phim chiếu,https://momovn-dev.mservice.io/cms/management/project/edit/125
127,Siêu anh hùng,Phim chiếu,https://momovn-dev.mservice.io/cms/management/project/edit/127
122,Viễn Tây,Phim chiếu,https://momovn-dev.mservice.io/cms/management/project/edit/122
392,Giả tưởng,Phim chiếu,https://momovn-dev.mservice.io/cms/management/project/edit/392
355,Phim truyền hình,Phim chiếu,https://momovn-dev.mservice.io/cms/management/project/edit/355
396,Tiểu Sử,Phim chiếu,https://momovn-dev.mservice.io/cms/management/project/edit/396
397,Nhạc Kịch,Phim chiếu,https://momovn-dev.mservice.io/cms/management/project/edit/397
453,Hồi Hộp,Phim chiếu,https://momovn-dev.mservice.io/cms/management/project/edit/453
529,Thần Thoại,Phim chiếu,https://momovn-dev.mservice.io/cms/management/project/edit/529
536,Tâm Linh,Phim chiếu,https://momovn-dev.mservice.io/cms/management/project/edit/536
682,Đẹp Trai,Phim chiếu,https://momovn-dev.mservice.io/cms/management/project/edit/682
683,Tôn Giáo,Phim chiếu,https://momovn-dev.mservice.io/cms/management/project/edit/683
684,Phát trực tiếp,Phim chiếu,https://momovn-dev.mservice.io/cms/management/project/edit/684
689,Truyền thuyết,Phim chiếu,https://momovn-dev.mservice.io/cms/management/project/edit/689
691,Truyền hình thực tế,Phim chiếu,https://momovn-dev.mservice.io/cms/management/project/edit/691
737,Concert,Phim chiếu,https://momovn-dev.mservice.io/cms/management/project/edit/737
738,K-Pop,Phim chiếu,https://momovn-dev.mservice.io/cms/management/project/edit/738
739,Hài Hước,Phim chiếu,https://momovn-dev.mservice.io/cms/management/project/edit/739
839,Kịch,Phim chiếu,https://momovn-dev.mservice.io/cms/management/project/edit/839
840,Livestream,Phim chiếu,https://momovn-dev.mservice.io/cms/management/project/edit/840
841,Linh Dị,Phim chiếu,https://momovn-dev.mservice.io/cms/management/project/edit/841
188,Blog Phim,Cinema,https://momovn-dev.mservice.io/cms/management/project/edit/188
140,Phim hay,Blog Phim,https://momovn-dev.mservice.io/cms/management/project/edit/140
144,Phim chiếu rạp,Phim hay,https://momovn-dev.mservice.io/cms/management/project/edit/144
147,Review,Blog Phim,https://momovn-dev.mservice.io/cms/management/project/edit/147
164,Phim lẻ,Blog Phim,https://momovn-dev.mservice.io/cms/management/project/edit/164
137,Netflix,Blog Phim,https://momovn-dev.mservice.io/cms/management/project/edit/137
143,Phim theo Tháng,Netflix,https://momovn-dev.mservice.io/cms/management/project/edit/143
162,TV Series,Blog Phim,https://momovn-dev.mservice.io/cms/management/project/edit/162
610,Hulu,Blog Phim,https://momovn-dev.mservice.io/cms/management/project/edit/610
145,Quốc gia,Cinema,https://momovn-dev.mservice.io/cms/management/project/edit/145
139,Phim Hồng Kông,Quốc gia,https://momovn-dev.mservice.io/cms/management/project/edit/139
146,Phim Hàn Quốc,Quốc gia,https://momovn-dev.mservice.io/cms/management/project/edit/146
148,Phim Mỹ,Quốc gia,https://momovn-dev.mservice.io/cms/management/project/edit/148
153,Phim Thái Lan,Quốc gia,https://momovn-dev.mservice.io/cms/management/project/edit/153
154,Phim Việt Nam,Quốc gia,https://momovn-dev.mservice.io/cms/management/project/edit/154
227,Phim Pháp,Quốc gia,https://momovn-dev.mservice.io/cms/management/project/edit/227
229,Phim Nhật Bản,Quốc gia,https://momovn-dev.mservice.io/cms/management/project/edit/229
228,Phim Trung Quốc,Quốc gia,https://momovn-dev.mservice.io/cms/management/project/edit/228
163,Rạp chiếu,Cinema,https://momovn-dev.mservice.io/cms/management/project/edit/163
80,CGV,Rạp chiếu,https://momovn-dev.mservice.io/cms/management/project/edit/80
81,Lotte Cinema,Rạp chiếu,https://momovn-dev.mservice.io/cms/management/project/edit/81
82,BHD Star,Rạp chiếu,https://momovn-dev.mservice.io/cms/management/project/edit/82
83,Galaxy Cinema,Rạp chiếu,https://momovn-dev.mservice.io/cms/management/project/edit/83
84,Cinestar,Rạp chiếu,https://momovn-dev.mservice.io/cms/management/project/edit/84
189,Mega GS,Rạp chiếu,https://momovn-dev.mservice.io/cms/management/project/edit/189
190,DCINE,Rạp chiếu,https://momovn-dev.mservice.io/cms/management/project/edit/190
451,Beta Cinemas,Rạp chiếu,https://momovn-dev.mservice.io/cms/management/project/edit/451
730,NCC,Rạp chiếu,https://momovn-dev.mservice.io/cms/management/project/edit/730
149,Diễn viên,Cinema,https://momovn-dev.mservice.io/cms/management/project/edit/149
313,[PROMOTION] - Chăm Sóc Sức Khỏe - Sắc Đẹp,Deal,https://momovn-dev.mservice.io/cms/management/project/edit/313
735,Vay Nhanh Landing Page,,https://momovn-dev.mservice.io/cms/management/project/edit/735
452,Vay nhanh nhà bán hàng,Vay Nhanh Landing Page,https://momovn-dev.mservice.io/cms/management/project/edit/452
128,Vay Nhanh - Simular,Vay Nhanh Landing Page,https://momovn-dev.mservice.io/cms/management/project/edit/128
359,Vay Nhanh,Vay Nhanh Landing Page,https://momovn-dev.mservice.io/cms/management/project/edit/359
63,Donation,,https://momovn-dev.mservice.io/cms/management/project/edit/63
14,Trái tim MoMo - Quyên Góp,Donation,https://momovn-dev.mservice.io/cms/management/project/edit/14
356,Thư Viện Ước Mơ,Donation,https://momovn-dev.mservice.io/cms/management/project/edit/356
15,Heo đất MoMo - Quyên góp,Donation,https://momovn-dev.mservice.io/cms/management/project/edit/15
319,Bản đồ kỳ thú,Heo đất MoMo - Quyên góp,https://momovn-dev.mservice.io/cms/management/project/edit/319
174,Đi bộ cùng MoMo,Heo đất MoMo - Quyên góp,https://momovn-dev.mservice.io/cms/management/project/edit/174
88,Sống tốt,Donation,https://momovn-dev.mservice.io/cms/management/project/edit/88
368,DNXH Vietnam Children’s Fund (VCF SE),Donation,https://momovn-dev.mservice.io/cms/management/project/edit/368
79,Sức mạnh 2000,Donation,https://momovn-dev.mservice.io/cms/management/project/edit/79
156,Thiện Nhân & Friends,Donation,https://momovn-dev.mservice.io/cms/management/project/edit/156
175,SCDI – Mỗi Ngày Một Quả Trứng,Donation,https://momovn-dev.mservice.io/cms/management/project/edit/175
176,Vì Tầm Vóc Việt,Donation,https://momovn-dev.mservice.io/cms/management/project/edit/176
177,Saigon Children’s Charity,Donation,https://momovn-dev.mservice.io/cms/management/project/edit/177
290,Heo Đất MoMo - Tin tức Không thuộc Category Cộng Đồng,Donation,https://momovn-dev.mservice.io/cms/management/project/edit/290
231,Operation Smile,Donation,https://momovn-dev.mservice.io/cms/management/project/edit/231
232,Trung Tâm Tương Lai,Donation,https://momovn-dev.mservice.io/cms/management/project/edit/232
269,DNXH Trăng Khuyết,Donation,https://momovn-dev.mservice.io/cms/management/project/edit/269
178,Hoa Chia Sẻ,Donation,https://momovn-dev.mservice.io/cms/management/project/edit/178
179,The VinaCapital Foundation,Donation,https://momovn-dev.mservice.io/cms/management/project/edit/179
205,msd,Donation,https://momovn-dev.mservice.io/cms/management/project/edit/205
206,Quỹ Hy Vọng,Donation,https://momovn-dev.mservice.io/cms/management/project/edit/206
354,Điểm trường vượt lũ,Donation,https://momovn-dev.mservice.io/cms/management/project/edit/354
281,Ví Nhân Ái - Blog,Donation,https://momovn-dev.mservice.io/cms/management/project/edit/281
282,Trẻ em,Ví Nhân Ái - Blog,https://momovn-dev.mservice.io/cms/management/project/edit/282
283,Người già,Ví Nhân Ái - Blog,https://momovn-dev.mservice.io/cms/management/project/edit/283
284,Phẫu thuật - Hỗ trợ y tế,Ví Nhân Ái - Blog,https://momovn-dev.mservice.io/cms/management/project/edit/284
285,Hoàn cảnh khó khăn,Ví Nhân Ái - Blog,https://momovn-dev.mservice.io/cms/management/project/edit/285
287,Giáo dục,Ví Nhân Ái - Blog,https://momovn-dev.mservice.io/cms/management/project/edit/287
288,CSVC cho cộng đồng,Ví Nhân Ái - Blog,https://momovn-dev.mservice.io/cms/management/project/edit/288
286,Cứu trợ động vật,Ví Nhân Ái - Blog,https://momovn-dev.mservice.io/cms/management/project/edit/286
291,Bảo vệ môi trường,Ví Nhân Ái - Blog,https://momovn-dev.mservice.io/cms/management/project/edit/291
347,Quỹ Nâng Bước Tuổi Thơ,Donation,https://momovn-dev.mservice.io/cms/management/project/edit/347
369,Trung tâm Hành động vì Động vật hoang dã Việt Nam (WildAct),Donation,https://momovn-dev.mservice.io/cms/management/project/edit/369
381,Donation Campaign,Donation,https://momovn-dev.mservice.io/cms/management/project/edit/381
382,Giving Lunch,Donation Campaign,https://momovn-dev.mservice.io/cms/management/project/edit/382
385,Campaign,Donation Campaign,https://momovn-dev.mservice.io/cms/management/project/edit/385
386,Payment By Purchase,Donation Campaign,https://momovn-dev.mservice.io/cms/management/project/edit/386
532,Giving Lunch Season 2,Donation Campaign,https://momovn-dev.mservice.io/cms/management/project/edit/532
394,Bếp Sẻ Chia,Donation,https://momovn-dev.mservice.io/cms/management/project/edit/394
404,Quỹ Từ Tâm Đắk Lắk,Donation,https://momovn-dev.mservice.io/cms/management/project/edit/404
455,Be Better Foundation,Donation,https://momovn-dev.mservice.io/cms/management/project/edit/455
496,Teach For Viet Nam,Donation,https://momovn-dev.mservice.io/cms/management/project/edit/496
543,Thư viện ước mơ Việt Nam,Donation,https://momovn-dev.mservice.io/cms/management/project/edit/543
66,Offline Payment,,https://momovn-dev.mservice.io/cms/management/project/edit/66
129,Retails,Offline Payment,https://momovn-dev.mservice.io/cms/management/project/edit/129
185,Thổ Địa MoMo,Offline Payment,https://momovn-dev.mservice.io/cms/management/project/edit/185
238,FnB,Offline Payment,https://momovn-dev.mservice.io/cms/management/project/edit/238
303,SME Offline,Offline Payment,https://momovn-dev.mservice.io/cms/management/project/edit/303
297,Spa,SME Offline,https://momovn-dev.mservice.io/cms/management/project/edit/297
398,Quản lý chi tiêu,Offline Payment,https://momovn-dev.mservice.io/cms/management/project/edit/398
68,Billpay,,https://momovn-dev.mservice.io/cms/management/project/edit/68
69,Điện,Billpay,https://momovn-dev.mservice.io/cms/management/project/edit/69
70,Nước,Billpay,https://momovn-dev.mservice.io/cms/management/project/edit/70
71,Truyền hình,Billpay,https://momovn-dev.mservice.io/cms/management/project/edit/71
72,Chung cư,Billpay,https://momovn-dev.mservice.io/cms/management/project/edit/72
73,Internet,Billpay,https://momovn-dev.mservice.io/cms/management/project/edit/73
74,Điện thoại cố định,Billpay,https://momovn-dev.mservice.io/cms/management/project/edit/74
75,Học phí,Billpay,https://momovn-dev.mservice.io/cms/management/project/edit/75
358,Phí xét tuyển,Học phí,https://momovn-dev.mservice.io/cms/management/project/edit/358
76,Môi trường,Billpay,https://momovn-dev.mservice.io/cms/management/project/edit/76
86,Bệnh viện,Billpay,https://momovn-dev.mservice.io/cms/management/project/edit/86
314,Dịch vụ công,Billpay,https://momovn-dev.mservice.io/cms/management/project/edit/314
535,Metro,Dịch vụ công,https://momovn-dev.mservice.io/cms/management/project/edit/535
254,Xăng dầu,Billpay,https://momovn-dev.mservice.io/cms/management/project/edit/254
400,Di động trả sau,Billpay,https://momovn-dev.mservice.io/cms/management/project/edit/400
309,Y Tế,Billpay,https://momovn-dev.mservice.io/cms/management/project/edit/309
318,Nha khoa,Billpay,https://momovn-dev.mservice.io/cms/management/project/edit/318
245,Phật Giáo,Billpay,https://momovn-dev.mservice.io/cms/management/project/edit/245
267,Tiêm chủng,Billpay,https://momovn-dev.mservice.io/cms/management/project/edit/267
323,Giáo dục,Billpay,https://momovn-dev.mservice.io/cms/management/project/edit/323
336,VTTIDeal,Billpay,https://momovn-dev.mservice.io/cms/management/project/edit/336
690,Đánh giá năng lực,Billpay,https://momovn-dev.mservice.io/cms/management/project/edit/690
191,Chuyển Nhận Tiền,,https://momovn-dev.mservice.io/cms/management/project/edit/191
11,P2P,Chuyển Nhận Tiền,https://momovn-dev.mservice.io/cms/management/project/edit/11
187,W2B,Chuyển Nhận Tiền,https://momovn-dev.mservice.io/cms/management/project/edit/187
377,QR đa năng,Chuyển Nhận Tiền,https://momovn-dev.mservice.io/cms/management/project/edit/377
250,W2W,Chuyển Nhận Tiền,https://momovn-dev.mservice.io/cms/management/project/edit/250
215,Điểm nạp rút (W2C),Chuyển Nhận Tiền,https://momovn-dev.mservice.io/cms/management/project/edit/215
450,Quỹ Nhóm,Chuyển Nhận Tiền,https://momovn-dev.mservice.io/cms/management/project/edit/450
685,Thanh toán quốc tế,Chuyển Nhận Tiền,https://momovn-dev.mservice.io/cms/management/project/edit/685
366,VietQR,Chuyển Nhận Tiền,https://momovn-dev.mservice.io/cms/management/project/edit/366
410,Caishen,,https://momovn-dev.mservice.io/cms/management/project/edit/410
214,Lazada,Caishen,https://momovn-dev.mservice.io/cms/management/project/edit/214
302,Tiki,Caishen,https://momovn-dev.mservice.io/cms/management/project/edit/302
411,Tiktok Shop,Caishen,https://momovn-dev.mservice.io/cms/management/project/edit/411
326,An toàn bảo mật (TRUST),,https://momovn-dev.mservice.io/cms/management/project/edit/326
645,Thủ đoạn lừa đảo,An toàn bảo mật (TRUST),https://momovn-dev.mservice.io/cms/management/project/edit/645
646,Bảo mật giao dịch,An toàn bảo mật (TRUST),https://momovn-dev.mservice.io/cms/management/project/edit/646
407,NFC,An toàn bảo mật (TRUST),https://momovn-dev.mservice.io/cms/management/project/edit/407
647,Bảo mật MoMo,An toàn bảo mật (TRUST),https://momovn-dev.mservice.io/cms/management/project/edit/647
77,KYC,An toàn bảo mật (TRUST),https://momovn-dev.mservice.io/cms/management/project/edit/77
126,Risk,An toàn bảo mật (TRUST),https://momovn-dev.mservice.io/cms/management/project/edit/126
89,Campaign MoMo,,https://momovn-dev.mservice.io/cms/management/project/edit/89
460,Trợ Thủ Tài Chính,Campaign MoMo,https://momovn-dev.mservice.io/cms/management/project/edit/460
90,Viber,Campaign MoMo,https://momovn-dev.mservice.io/cms/management/project/edit/90
134,MoMo Jump,Campaign MoMo,https://momovn-dev.mservice.io/cms/management/project/edit/134
152,Mega21,Campaign MoMo,https://momovn-dev.mservice.io/cms/management/project/edit/152
258,Coke,Campaign MoMo,https://momovn-dev.mservice.io/cms/management/project/edit/258
19,Thần số học,Campaign MoMo,https://momovn-dev.mservice.io/cms/management/project/edit/19
301,Đi và Cảm,Campaign MoMo,https://momovn-dev.mservice.io/cms/management/project/edit/301
344,Lắc xì 2023,Campaign MoMo,https://momovn-dev.mservice.io/cms/management/project/edit/344
340,Máy quay thưởng,Campaign MoMo,https://momovn-dev.mservice.io/cms/management/project/edit/340
376,Hồ Cá Bạc Tỷ,Campaign MoMo,https://momovn-dev.mservice.io/cms/management/project/edit/376
414,Bảo vệ đảo,Campaign MoMo,https://momovn-dev.mservice.io/cms/management/project/edit/414
576,Summer25,Campaign MoMo,https://momovn-dev.mservice.io/cms/management/project/edit/576
415,Kho Báu Biển Xanh,Campaign MoMo,https://momovn-dev.mservice.io/cms/management/project/edit/415
462,Tài Chính Du Ký,Campaign MoMo,https://momovn-dev.mservice.io/cms/management/project/edit/462
60,MoMo City,Campaign MoMo,https://momovn-dev.mservice.io/cms/management/project/edit/60
530,Lắc xì 2025,Campaign MoMo,https://momovn-dev.mservice.io/cms/management/project/edit/530
202,Super App,Campaign MoMo,https://momovn-dev.mservice.io/cms/management/project/edit/202
225,Lắc xì 2022,Campaign MoMo,https://momovn-dev.mservice.io/cms/management/project/edit/225
311,MoMo Pha Chế,Campaign MoMo,https://momovn-dev.mservice.io/cms/management/project/edit/311
324,Lắc Balo,Campaign MoMo,https://momovn-dev.mservice.io/cms/management/project/edit/324
328,Mega22,Campaign MoMo,https://momovn-dev.mservice.io/cms/management/project/edit/328
337,MoMo Goal,Campaign MoMo,https://momovn-dev.mservice.io/cms/management/project/edit/337
342,Tết,Campaign MoMo,https://momovn-dev.mservice.io/cms/management/project/edit/342
350,Bon Bon,Campaign MoMo,https://momovn-dev.mservice.io/cms/management/project/edit/350
361,M-Shock,Campaign MoMo,https://momovn-dev.mservice.io/cms/management/project/edit/361
371,Đi cùng Hà Nội,Campaign MoMo,https://momovn-dev.mservice.io/cms/management/project/edit/371
387,Lắc Xì 2024,Campaign MoMo,https://momovn-dev.mservice.io/cms/management/project/edit/387
399,The Next KOC,Campaign MoMo,https://momovn-dev.mservice.io/cms/management/project/edit/399
406,Trust Campaign,Campaign MoMo,https://momovn-dev.mservice.io/cms/management/project/edit/406
454,Tài chính cá nhân,Campaign MoMo,https://momovn-dev.mservice.io/cms/management/project/edit/454
459,Đầu tư,Tài chính cá nhân,https://momovn-dev.mservice.io/cms/management/project/edit/459
533,Gieo quẻ,Campaign MoMo,https://momovn-dev.mservice.io/cms/management/project/edit/533
648,Mega25,Campaign MoMo,https://momovn-dev.mservice.io/cms/management/project/edit/648
681,Đấu Trường MoMo,Campaign MoMo,https://momovn-dev.mservice.io/cms/management/project/edit/681
740,Mega26,Campaign MoMo,https://momovn-dev.mservice.io/cms/management/project/edit/740
18,Nạp thẻ Game,,https://momovn-dev.mservice.io/cms/management/project/edit/18
138,Tên Game,Nạp thẻ Game,https://momovn-dev.mservice.io/cms/management/project/edit/138
142,Game chiến thuật,Nạp thẻ Game,https://momovn-dev.mservice.io/cms/management/project/edit/142
165,VNG,Nạp thẻ Game,https://momovn-dev.mservice.io/cms/management/project/edit/165
166,Game thẻ bài,Nạp thẻ Game,https://momovn-dev.mservice.io/cms/management/project/edit/166
167,Game nhập vai,Nạp thẻ Game,https://momovn-dev.mservice.io/cms/management/project/edit/167
168,Game hay,Nạp thẻ Game,https://momovn-dev.mservice.io/cms/management/project/edit/168
173,Mẹo Game,Nạp thẻ Game,https://momovn-dev.mservice.io/cms/management/project/edit/173
186,Game kiếm hiệp,Nạp thẻ Game,https://momovn-dev.mservice.io/cms/management/project/edit/186
196,Napthengay.vn,Nạp thẻ Game,https://momovn-dev.mservice.io/cms/management/project/edit/196
239,VGP,Nạp thẻ Game,https://momovn-dev.mservice.io/cms/management/project/edit/239
217,Mini App,,https://momovn-dev.mservice.io/cms/management/project/edit/217
248,MoMo XU,,https://momovn-dev.mservice.io/cms/management/project/edit/248
295,Promotion,,https://momovn-dev.mservice.io/cms/management/project/edit/295
370,SME Merchant,,https://momovn-dev.mservice.io/cms/management/project/edit/370
401,Cộng Tác Viên MoMo,SME Merchant,https://momovn-dev.mservice.io/cms/management/project/edit/401
449,IPOS,SME Merchant,https://momovn-dev.mservice.io/cms/management/project/edit/449
393,Business Page,,https://momovn-dev.mservice.io/cms/management/project/edit/393
403,Telco,,https://momovn-dev.mservice.io/cms/management/project/edit/403
316,Viettel,Telco,https://momovn-dev.mservice.io/cms/management/project/edit/316
457,Mobifone,Telco,https://momovn-dev.mservice.io/cms/management/project/edit/457
458,Vinaphone,Telco,https://momovn-dev.mservice.io/cms/management/project/edit/458
135,Data 4G/5G,Telco,https://momovn-dev.mservice.io/cms/management/project/edit/135
197,Airtime,Telco,https://momovn-dev.mservice.io/cms/management/project/edit/197
64,Topup,Airtime,https://momovn-dev.mservice.io/cms/management/project/edit/64
408,Source of Fund,,https://momovn-dev.mservice.io/cms/management/project/edit/408
209,Bank,Source of Fund,https://momovn-dev.mservice.io/cms/management/project/edit/209
244,Agent Network,Bank,https://momovn-dev.mservice.io/cms/management/project/edit/244
270,Điểm chấp nhận thanh toán,Agent Network,https://momovn-dev.mservice.io/cms/management/project/edit/270
271,Hệ thống chuỗi,Agent Network,https://momovn-dev.mservice.io/cms/management/project/edit/271
372,Mở tài khoản ngân hàng,Bank,https://momovn-dev.mservice.io/cms/management/project/edit/372
409,Marketing Solution,,https://momovn-dev.mservice.io/cms/management/project/edit/409
389,Tiện ích giao thông,,https://momovn-dev.mservice.io/cms/management/project/edit/389
375,Busmap,Tiện ích giao thông,https://momovn-dev.mservice.io/cms/management/project/edit/375
383,Vận tải,Tiện ích giao thông,https://momovn-dev.mservice.io/cms/management/project/edit/383
773,Phạt nguội,Tiện ích giao thông,https://momovn-dev.mservice.io/cms/management/project/edit/773
247,Phí không dừng,Tiện ích giao thông,https://momovn-dev.mservice.io/cms/management/project/edit/247
373,Cứu hộ giao thông,Tiện ích giao thông,https://momovn-dev.mservice.io/cms/management/project/edit/373
391,Đăng kiểm ô tô,Tiện ích giao thông,https://momovn-dev.mservice.io/cms/management/project/edit/391
226,Phí VETC,Tiện ích giao thông,https://momovn-dev.mservice.io/cms/management/project/edit/226
204,Ads Payment,,https://momovn-dev.mservice.io/cms/management/project/edit/204
268,Facebook,Ads Payment,https://momovn-dev.mservice.io/cms/management/project/edit/268
85,Vé số,,https://momovn-dev.mservice.io/cms/management/project/edit/85
395,Vietlott SMS,Vé số,https://momovn-dev.mservice.io/cms/management/project/edit/395
280,Dịch vụ liên kết,,https://momovn-dev.mservice.io/cms/management/project/edit/280
78,Application Store,Dịch vụ liên kết,https://momovn-dev.mservice.io/cms/management/project/edit/78
171,Apple,Application Store,https://momovn-dev.mservice.io/cms/management/project/edit/171
534,App Store,Apple,https://momovn-dev.mservice.io/cms/management/project/edit/534
172,Google Play,Application Store,https://momovn-dev.mservice.io/cms/management/project/edit/172
200,Application,Application Store,https://momovn-dev.mservice.io/cms/management/project/edit/200
330,Tiktok,Application Store,https://momovn-dev.mservice.io/cms/management/project/edit/330
539,Tiktok Coin,Tiktok,https://momovn-dev.mservice.io/cms/management/project/edit/539
348,Spotify,Application Store,https://momovn-dev.mservice.io/cms/management/project/edit/348
199,Online Payment,Dịch vụ liên kết,https://momovn-dev.mservice.io/cms/management/project/edit/199
194,Đặt đồ ăn,Online Payment,https://momovn-dev.mservice.io/cms/management/project/edit/194
220,Delivery,Online Payment,https://momovn-dev.mservice.io/cms/management/project/edit/220
221,Ahamove,Delivery,https://momovn-dev.mservice.io/cms/management/project/edit/221
292,Tinder,Online Payment,https://momovn-dev.mservice.io/cms/management/project/edit/292
298,Logistics,Online Payment,https://momovn-dev.mservice.io/cms/management/project/edit/298
65,Baemin,Logistics,https://momovn-dev.mservice.io/cms/management/project/edit/65
299,Be Group,Logistics,https://momovn-dev.mservice.io/cms/management/project/edit/299
195,Loship,Logistics,https://momovn-dev.mservice.io/cms/management/project/edit/195
203,Mai Linh,Logistics,https://momovn-dev.mservice.io/cms/management/project/edit/203
237,GoJek,Logistics,https://momovn-dev.mservice.io/cms/management/project/edit/237
374,Grab,Logistics,https://momovn-dev.mservice.io/cms/management/project/edit/374
388,EMDDI,Logistics,https://momovn-dev.mservice.io/cms/management/project/edit/388
380,Giải trí,Online Payment,https://momovn-dev.mservice.io/cms/management/project/edit/380
157,OTT,Dịch vụ liên kết,https://momovn-dev.mservice.io/cms/management/project/edit/157
158,FPT Play,OTT,https://momovn-dev.mservice.io/cms/management/project/edit/158
159,Galaxy Play,OTT,https://momovn-dev.mservice.io/cms/management/project/edit/159
609,VTVgo,OTT,https://momovn-dev.mservice.io/cms/management/project/edit/609
402,eSim du lịch,,https://momovn-dev.mservice.io/cms/management/project/edit/402
724,Esim du lịch quốc tế Khu vực,eSim du lịch,https://momovn-dev.mservice.io/cms/management/project/edit/724
413,Sim chính chủ,,https://momovn-dev.mservice.io/cms/management/project/edit/413
456,Student Pass,,https://momovn-dev.mservice.io/cms/management/project/edit/456
495,Web Platform,,https://momovn-dev.mservice.io/cms/management/project/edit/495
540,Web Platform - Test 1,Web Platform,https://momovn-dev.mservice.io/cms/management/project/edit/540
541,Web Platform - Test 2,Web Platform,https://momovn-dev.mservice.io/cms/management/project/edit/541
531,Life At MoMo,,https://momovn-dev.mservice.io/cms/management/project/edit/531
537,Event,Life At MoMo,https://momovn-dev.mservice.io/cms/management/project/edit/537
538,Our Life,Life At MoMo,https://momovn-dev.mservice.io/cms/management/project/edit/538
686,Growth User,,https://momovn-dev.mservice.io/cms/management/project/edit/686
687,Retention,Growth User,https://momovn-dev.mservice.io/cms/management/project/edit/687
61,Giới thiệu MoMo,Growth User,https://momovn-dev.mservice.io/cms/management/project/edit/61
731,Family Hub,Growth User,https://momovn-dev.mservice.io/cms/management/project/edit/731
198,New User,Growth User,https://momovn-dev.mservice.io/cms/management/project/edit/198
416,Cross-Sell,Growth User,https://momovn-dev.mservice.io/cms/management/project/edit/416
688,Lắc xì 2026,,https://momovn-dev.mservice.io/cms/management/project/edit/688