Channel group,event_month,Impression,Click CTA,%CTR
Organic Search,"Jul 1, 2026",781768,515197,0.6590152065574442
Organic Search,"Jun 1, 2026",706615,490808,0.6945904063740509
Organic Search,"Aug 1, 2026",530553,412052,0.7766462540028989
Paid Search,"Jun 1, 2026",480574,145891,0.3035765563680099
Paid Search,"Aug 1, 2026",275858,147592,0.5350288916761522
Direct,"Jun 1, 2026",237110,115563,0.4873813841676859
Direct,"Jul 1, 2026",201651,104073,0.5161045568829314
Direct,"Aug 1, 2026",184351,119836,0.6500425818140395
Paid Social,"Jul 1, 2026",163180,2092,0.012820198553744331
Paid Search,"Jul 1, 2026",138389,35834,0.258936765205327
Unassigned,"Jul 1, 2026",69202,45974,0.6643449611282911
Unassigned,"Aug 1, 2026",58077,49908,0.8593419081564131
Unassigned,"Jun 1, 2026",56818,38453,0.6767749656798902
App Referral,"Jul 1, 2026",53781,31152,0.5792380208623863
App Referral,"Aug 1, 2026",43189,37279,0.863159600824284
Paid Social,"Jun 1, 2026",40098,23211,0.578856800837947
App Referral,"Jun 1, 2026",38169,22549,0.5907673766669287
Organic Social,"Jun 1, 2026",23057,13481,0.5846814416446199
Organic Social,"Jul 1, 2026",17972,8643,0.4809147562875584
Organic Social,"Aug 1, 2026",15205,11820,0.7773758632028938
Paid Other,"Jun 1, 2026",11137,75,0.006734309059890455
Paid Other,"Aug 1, 2026",8788,3956,0.45015930814747385
Cross-network,"Aug 1, 2026",7827,5525,0.7058898684042417
Cross-network,"Jun 1, 2026",6947,2553,0.3674967611918814
AI Referrals,"Jul 1, 2026",6709,4183,0.623490833209122
AI Referrals,"Jun 1, 2026",5999,4239,0.7066177696282714
AI Referrals,"Aug 1, 2026",5282,4092,0.7747065505490345
Paid Social,"Aug 1, 2026",5071,3297,0.6501676197988563
Cross-network,"Jul 1, 2026",3255,595,0.1827956989247312
Paid Other,"Jul 1, 2026",2851,558,0.1957207997193967
Organic Video,"Jul 1, 2026",173,114,0.6589595375722543
Organic Video,"Jun 1, 2026",143,114,0.7972027972027972
Organic Video,"Aug 1, 2026",133,111,0.8345864661654135
Email,"Jun 1, 2026",4,1,0.25
Display,"Jun 1, 2026",4,1,0.25
Email,"Aug 1, 2026",2,2,1