project_name,group_project,group_,2026-05-01,2026-06-01,2026-07-01,2026-08-01,2026-09-01,,
Others,Others,Organic,294952,294702,280791,217736,76993,,
Others,Others,Paid,115479,129658,257408,51815,177045,,
Others,Others,Direct,145116,168570,105470,102703,41518,,
Others,Others,Referral,20774,23331,26085,19151,7483,,
Others,Others,Others,6457,5400,5579,4527,4063,,
Cinema_Page,Cinema Hub,Organic,293345,269361,256968,265423,125910,,
Cinema_Page,Cinema Hub,Paid,1207,24271,3457,19946,324430,,
Cinema_Page,Cinema Hub,Direct,195502,44159,39230,30205,10846,,
Cinema_Page,Cinema Hub,Referral,9588,11405,9283,7898,2466,,
Cinema_Page,Cinema Hub,Others,7614,3940,969,833,1188,,
Cinema_Cineplex Page,Cinema Hub,Organic,352702,379527,389838,384126,161392,,
Cinema_Cineplex Page,Cinema Hub,Direct,12886,13805,15061,14529,9145,,
Cinema_Cineplex Page,Cinema Hub,Paid,118,127,2372,15523,7570,,
Cinema_Cineplex Page,Cinema Hub,Referral,3765,4136,4127,4095,1494,,
Cinema_Cineplex Page,Cinema Hub,Others,5230,2856,641,411,1346,,
Phạt Nguội,Phạt Nguội,Paid,278869,504852,55564,123171,7624,,
Phạt Nguội,Phạt Nguội,Direct,7817,36982,53135,48868,7925,,
Phạt Nguội,Phạt Nguội,Organic,6842,28426,44530,39949,8702,,
Phạt Nguội,Phạt Nguội,Others,757,2976,1210,976,190,,
Phạt Nguội,Phạt Nguội,Referral,383,375,450,862,329,,
Game,Game,Referral,18162,73152,104727,178185,68189,,
Game,Game,Paid,5375,8400,32102,214646,43706,,
Game,Game,Organic,73825,55238,69008,50740,19007,,
Game,Game,Direct,2948,2621,3283,4001,1649,,
Game,Game,Others,711,1138,594,1514,2003,,
New User,New User,Direct,101583,55091,55425,241512,81898,,
New User,New User,Referral,90539,81932,97923,63746,33571,,
New User,New User,Organic,16155,14235,22915,26367,10263,,
New User,New User,Others,4086,3114,3939,3956,2480,,
New User,New User,Paid,1183,1102,653,2326,1167,,
Tiktok,Tiktok,Organic,47005,44569,204632,150770,31526,,
Tiktok,Tiktok,Paid,156582,186960,15351,15372,65587,,
Tiktok,Tiktok,Direct,5447,4642,8078,6730,2822,,
Tiktok,Tiktok,Referral,793,867,1302,1058,445,,
Tiktok,Tiktok,Others,1029,514,362,113,775,,
Home MoMo,Home MoMo,Organic,126133,104232,105622,97160,39949,,
Home MoMo,Home MoMo,Direct,66881,50555,54019,65871,51568,,
Home MoMo,Home MoMo,Referral,21658,22967,27443,27826,11310,,
Home MoMo,Home MoMo,Others,9695,7535,6110,5718,2918,,
Home MoMo,Home MoMo,Paid,12296,7989,2794,4850,3159,,
Vay Nhanh,Financial Hub,Organic,28291,27672,42141,40353,18312,,
Vay Nhanh,Financial Hub,Paid,91929,42166,910,1386,717,,
Vay Nhanh,Financial Hub,Referral,3718,3715,19282,64542,26859,,
Vay Nhanh,Financial Hub,Direct,2177,2224,2646,4084,1935,,
Vay Nhanh,Financial Hub,Others,1169,451,920,1988,949,,
Vé Xe,Vé Xe,Organic,65066,61347,76065,100501,32670,,
Vé Xe,Vé Xe,Direct,12642,9209,11515,15463,5062,,
Vé Xe,Vé Xe,Referral,2225,2510,3226,4174,1342,,
Vé Xe,Vé Xe,Others,644,352,148,163,265,,
Vé Xe,Vé Xe,Paid,43,99,140,265,145,,
Merchant,Merchant,Organic,52856,57467,60151,58457,24786,,
Merchant,Merchant,Direct,9155,12313,10771,13150,5578,,
Merchant,Merchant,Referral,1327,1559,1842,1819,794,,
Merchant,Merchant,Others,774,501,201,234,344,,
Merchant,Merchant,Paid,182,461,266,441,303,,
Cinema_Blog,Cinema Hub,Organic,68209,59582,50086,44104,18247,,
Cinema_Blog,Cinema Hub,Referral,4091,3713,3866,3356,1250,,
Cinema_Blog,Cinema Hub,Direct,3865,3269,3270,3634,1498,,
Cinema_Blog,Cinema Hub,Others,389,151,70,71,143,,
Cinema_Blog,Cinema Hub,Paid,18,11,57,69,109,,
OTA,OTA,Organic,41656,53331,50313,42136,12258,,
OTA,OTA,Direct,4123,5510,5636,6117,2197,,
OTA,OTA,Referral,2139,4702,2307,1870,539,,
OTA,OTA,Paid,144,198,3486,3694,1180,,
OTA,OTA,Others,431,345,122,161,114,,
Hỏi đáp,Hỏi đáp,Organic,28368,29273,31908,31835,39841,,
Hỏi đáp,Hỏi đáp,Direct,3000,3023,3342,3764,2912,,
Hỏi đáp,Hỏi đáp,Referral,2083,2014,2388,2501,1940,,
Hỏi đáp,Hỏi đáp,Paid,248,260,180,814,1352,,
Hỏi đáp,Hỏi đáp,Others,326,269,201,185,351,,
Điểm Tín Dụng,Financial Hub,Paid,34,42,22608,84901,37471,,
Điểm Tín Dụng,Financial Hub,Organic,11667,11536,11561,6060,2423,,
Điểm Tín Dụng,Financial Hub,Direct,358,519,509,523,211,,
Điểm Tín Dụng,Financial Hub,Referral,206,229,296,306,138,,
Điểm Tín Dụng,Financial Hub,Others,110,56,134,86,209,,
Cinema_Home Page,Cinema Hub,Organic,27516,29603,32885,27509,10116,,
Cinema_Home Page,Cinema Hub,Direct,3531,3726,4467,4512,1537,,
Cinema_Home Page,Cinema Hub,Referral,1061,1180,1002,1022,376,,
Cinema_Home Page,Cinema Hub,Others,1453,841,272,246,137,,
Cinema_Home Page,Cinema Hub,Paid,89,177,368,1708,470,,
TnC,TnC,Direct,16676,19060,22716,22233,8726,,
TnC,TnC,Organic,5085,5601,6766,6673,4366,,
TnC,TnC,Referral,476,611,689,848,374,,
TnC,TnC,Paid,242,327,283,398,102,,
TnC,TnC,Others,241,196,134,132,115,,
Sim,Sim,Organic,13358,14674,13859,12932,5662,,
Sim,Sim,Paid,1462,2758,12438,20900,8684,,
Sim,Sim,Direct,906,979,933,1110,446,,
Sim,Sim,Referral,790,659,807,461,278,,
Sim,Sim,Others,140,116,124,41,119,,
Ví Trả Sau,Financial Hub,Paid,784,27894,10754,8395,7714,,
Ví Trả Sau,Financial Hub,Organic,6736,6770,8317,7836,9318,,
Ví Trả Sau,Financial Hub,Referral,1634,1904,3012,2561,1094,,
Ví Trả Sau,Financial Hub,Direct,1039,1193,1202,1498,1277,,
Ví Trả Sau,Financial Hub,Others,247,292,297,343,257,,
Trust,Trust,Paid,14933,19164,20665,762,2379,,
Trust,Trust,Direct,696,4408,8995,15153,5017,,
Trust,Trust,Organic,1348,2147,2127,1447,612,,
Trust,Trust,Others,118,93,119,372,193,,
Trust,Trust,Referral,74,149,228,348,91,,
Guide,Guide,Direct,9619,9665,10651,10565,4719,,
Guide,Guide,Organic,9705,8604,10092,9317,4719,,
Guide,Guide,Referral,755,668,1101,1497,603,,
Guide,Guide,Paid,423,393,301,476,444,,
Guide,Guide,Others,267,153,121,159,95,,
Khuyến mãi,Khuyến mãi,Organic,5938,5864,6544,5942,4329,,
Khuyến mãi,Khuyến mãi,Referral,1638,3707,5279,7955,3060,,
Khuyến mãi,Khuyến mãi,Direct,3211,4033,4534,6551,2759,,
Khuyến mãi,Khuyến mãi,Paid,1928,2158,494,2209,500,,
Khuyến mãi,Khuyến mãi,Others,635,599,435,439,263,,
Data,Data,Organic,9843,8784,8730,8836,3755,,
Data,Data,Paid,22581,152,904,4644,3202,,
Data,Data,Direct,1385,1194,1128,1370,509,,
Data,Data,Referral,567,654,602,732,314,,
Data,Data,Others,341,82,40,30,63,,
Esim,Sim,Paid,11313,14987,7234,14381,6255,,
Esim,Sim,Organic,1622,1741,2131,2270,905,,
Esim,Sim,Direct,785,420,840,2371,985,,
Esim,Sim,Referral,156,173,161,228,133,,
Esim,Sim,Others,324,103,157,75,70,,
Bảo Hiểm Y Tế,Bảo Hiểm Y Tế,Paid,10,6214,23298,1608,1174,,
Bảo Hiểm Y Tế,Bảo Hiểm Y Tế,Organic,5134,6910,5550,7268,3886,,
Bảo Hiểm Y Tế,Bảo Hiểm Y Tế,Direct,327,486,611,612,439,,
Bảo Hiểm Y Tế,Bảo Hiểm Y Tế,Referral,534,309,386,239,98,,
Bảo Hiểm Y Tế,Bảo Hiểm Y Tế,Others,47,140,406,188,181,,
Campaign,Campaign,Referral,5727,3257,7033,7565,628,,
Campaign,Campaign,Organic,10106,2838,3227,2343,705,,
Campaign,Campaign,Direct,7072,1810,1405,1592,427,,
Campaign,Campaign,Paid,2853,318,61,124,52,,
Campaign,Campaign,Others,568,191,208,247,40,,
Application Store,Application Store,Paid,198,268,6366,29724,6923,,
Application Store,Application Store,Organic,1878,1820,2177,2089,875,,
Application Store,Application Store,Referral,612,658,798,1094,359,,
Application Store,Application Store,Direct,485,383,421,816,413,,
Application Store,Application Store,Others,77,79,94,231,91,,
Blog,Blog,Organic,10612,11392,12271,12380,5150,,
Blog,Blog,Direct,645,648,735,660,243,,
Blog,Blog,Referral,346,321,302,294,100,,
Blog,Blog,Paid,5,2,244,576,344,,
Blog,Blog,Others,74,16,13,9,29,,
Bảo Hiểm Ô Tô,Bảo Hiểm Ô Tô,Organic,10614,9363,10518,10730,4916,,
Bảo Hiểm Ô Tô,Bảo Hiểm Ô Tô,Direct,795,954,918,1002,503,,
Bảo Hiểm Ô Tô,Bảo Hiểm Ô Tô,Referral,444,457,479,377,189,,
Bảo Hiểm Ô Tô,Bảo Hiểm Ô Tô,Paid,20,24,303,907,252,,
Bảo Hiểm Ô Tô,Bảo Hiểm Ô Tô,Others,141,145,199,250,86,,
Vé số,Vé số,Paid,,5,15640,10098,1646,,
Vé số,Vé số,Organic,3197,3762,4553,5735,1691,,
Vé số,Vé số,Direct,190,191,318,329,68,,
Vé số,Vé số,Referral,50,63,81,90,28,,
Vé số,Vé số,Others,19,10,13,43,57,,
Dịch vụ liên kết,Dịch vụ liên kết,Direct,3431,15348,589,4980,137,,
Dịch vụ liên kết,Dịch vụ liên kết,Organic,2170,2442,2908,2740,1503,,
Dịch vụ liên kết,Dịch vụ liên kết,Referral,202,873,124,336,105,,
Dịch vụ liên kết,Dịch vụ liên kết,Paid,29,102,111,425,359,,
Dịch vụ liên kết,Dịch vụ liên kết,Others,46,173,4,35,21,,
Soundbox,Soundbox,Organic,4642,4202,6827,6696,2825,,
Soundbox,Soundbox,Direct,1446,2736,1483,1177,504,,
Soundbox,Soundbox,Paid,79,88,128,851,524,,
Soundbox,Soundbox,Referral,196,190,404,540,271,,
Soundbox,Soundbox,Others,125,100,70,113,76,,
Billpay,Billpay,Direct,7942,5822,4253,7361,2801,,
Billpay,Billpay,Organic,629,751,818,798,321,,
Billpay,Billpay,Referral,321,175,131,83,35,,
Billpay,Billpay,Others,64,55,17,13,24,,
Billpay,Billpay,Paid,28,28,10,28,16,,
P2P,P2P,Organic,5660,5083,5796,5349,2157,,
P2P,P2P,Direct,848,640,684,1308,347,,
P2P,P2P,Referral,550,347,400,440,208,,
P2P,P2P,Paid,83,90,97,209,116,,
P2P,P2P,Others,66,54,60,58,21,,
Trung Tâm Tài Chính,Financial Hub,Organic,5116,5273,6077,7362,2498,,
Trung Tâm Tài Chính,Financial Hub,Paid,4,5,230,845,671,,
Trung Tâm Tài Chính,Financial Hub,Referral,133,145,196,412,303,,
Trung Tâm Tài Chính,Financial Hub,Direct,150,138,189,276,190,,
Trung Tâm Tài Chính,Financial Hub,Others,27,7,9,212,92,,
Bảo Hiểm Xe Máy,Bảo Hiểm Xe Máy,Organic,4269,2931,4285,4426,2082,,
Bảo Hiểm Xe Máy,Bảo Hiểm Xe Máy,Paid,14,537,404,1267,952,,
Bảo Hiểm Xe Máy,Bảo Hiểm Xe Máy,Direct,277,236,286,1224,217,,
Bảo Hiểm Xe Máy,Bảo Hiểm Xe Máy,Referral,248,157,245,226,78,,
Bảo Hiểm Xe Máy,Bảo Hiểm Xe Máy,Others,102,44,60,124,61,,
Điện,Điện,Organic,3512,3508,3910,3197,2006,,
Điện,Điện,Paid,3,5,123,2298,87,,
Điện,Điện,Direct,506,491,360,483,219,,
Điện,Điện,Referral,115,112,112,94,48,,
Điện,Điện,Others,28,13,8,4,19,,
Student Pass,Student Hub,Direct,24,24,16,6592,513,,
Student Pass,Student Hub,Organic,268,183,391,4471,1781,,
Student Pass,Student Hub,Paid,,1,,1942,2774,,
Student Pass,Student Hub,Referral,10,13,22,408,68,,
Student Pass,Student Hub,Others,1,2,9,114,24,,
Cross Border,Cross Border,Organic,2242,2081,2099,2380,1057,,
Cross Border,Cross Border,Referral,2338,1099,571,149,65,,
Cross Border,Cross Border,Direct,245,351,209,139,64,,
Cross Border,Cross Border,Others,62,29,12,15,11,,
Cross Border,Cross Border,Paid,13,14,11,29,26,,
Cinema_News,Cinema Hub,Organic,1969,2670,3941,2798,763,,
Cinema_News,Cinema Hub,Direct,175,261,285,178,52,,
Cinema_News,Cinema Hub,Referral,232,167,239,106,28,,
Cinema_News,Cinema Hub,Others,19,21,3,22,4,,
Cinema_News,Cinema Hub,Paid,,2,17,32,15,,
Hoàn Tiền Mua Sắm,Hoàn Tiền Mua Sắm,Organic,1076,1507,2182,1781,765,,
Hoàn Tiền Mua Sắm,Hoàn Tiền Mua Sắm,Direct,597,337,592,341,239,,
Hoàn Tiền Mua Sắm,Hoàn Tiền Mua Sắm,Referral,84,40,69,86,32,,
Hoàn Tiền Mua Sắm,Hoàn Tiền Mua Sắm,Others,9,9,8,2,17,,
Hoàn Tiền Mua Sắm,Hoàn Tiền Mua Sắm,Paid,4,9,2,2,3,,
Mở tài khoản ngân hàng,Mở tài khoản ngân hàng,Organic,1846,1698,1754,1540,614,,
Mở tài khoản ngân hàng,Mở tài khoản ngân hàng,Paid,23,39,67,354,319,,
Mở tài khoản ngân hàng,Mở tài khoản ngân hàng,Direct,109,111,127,117,73,,
Mở tài khoản ngân hàng,Mở tài khoản ngân hàng,Referral,57,59,86,79,25,,
Mở tài khoản ngân hàng,Mở tài khoản ngân hàng,Others,7,6,5,2,12,,
Túi Thần Tài,Financial Hub,Organic,958,864,2022,1972,884,,
Túi Thần Tài,Financial Hub,Referral,98,74,170,212,74,,
Túi Thần Tài,Financial Hub,Direct,68,76,139,137,52,,
Túi Thần Tài,Financial Hub,Others,7,15,8,11,6,,
Túi Thần Tài,Financial Hub,Paid,6,5,1,2,7,,
Mở Thẻ Tín Dụng,Financial Hub,Organic,1493,1273,1467,1234,521,,
Mở Thẻ Tín Dụng,Financial Hub,Referral,85,44,72,58,31,,
Mở Thẻ Tín Dụng,Financial Hub,Direct,52,53,54,65,17,,
Mở Thẻ Tín Dụng,Financial Hub,Paid,4,52,36,72,73,,
Mở Thẻ Tín Dụng,Financial Hub,Others,3,7,17,3,8,,
Quản Lý Chi Tiêu,Financial Hub,Organic,864,862,749,709,384,,
Quản Lý Chi Tiêu,Financial Hub,Direct,104,103,95,110,108,,
Quản Lý Chi Tiêu,Financial Hub,Referral,57,63,51,117,50,,
Quản Lý Chi Tiêu,Financial Hub,Others,23,7,3,8,3,,
Quản Lý Chi Tiêu,Financial Hub,Paid,5,2,7,14,5,,
Trả Góp Apple,Financial Hub,Organic,741,656,1063,862,477,,
Trả Góp Apple,Financial Hub,Direct,44,43,56,88,73,,
Trả Góp Apple,Financial Hub,Referral,20,32,46,56,38,,
Trả Góp Apple,Financial Hub,Paid,2,40,2,8,24,,
Trả Góp Apple,Financial Hub,Others,12,1,16,6,5,,
Thanh Toán Khoản Vay,Financial Hub,Organic,724,737,877,623,252,,
Thanh Toán Khoản Vay,Financial Hub,Referral,52,43,52,59,15,,
Thanh Toán Khoản Vay,Financial Hub,Direct,40,26,31,49,22,,
Thanh Toán Khoản Vay,Financial Hub,Paid,38,22,7,10,1,,
Thanh Toán Khoản Vay,Financial Hub,Others,10,4,2,3,,,
Chứng Khoán,Financial Hub,Organic,606,553,590,507,160,,
Chứng Khoán,Financial Hub,Referral,38,57,67,66,32,,
Chứng Khoán,Financial Hub,Direct,39,51,41,36,15,,
Chứng Khoán,Financial Hub,Paid,4,6,3,9,11,,
Chứng Khoán,Financial Hub,Others,6,5,4,4,3,,
Tiết Kiệm Online,Financial Hub,Organic,382,359,485,462,219,,
Tiết Kiệm Online,Financial Hub,Referral,28,30,39,32,15,,
Tiết Kiệm Online,Financial Hub,Direct,14,18,23,16,12,,
Tiết Kiệm Online,Financial Hub,Others,6,1,3,5,1,,
Tiết Kiệm Online,Financial Hub,Paid,1,,,5,3,,
Thanh Toán Thẻ Tín Dụng,Financial Hub,Organic,396,359,387,297,105,,
Thanh Toán Thẻ Tín Dụng,Financial Hub,Direct,60,34,50,40,6,,
Thanh Toán Thẻ Tín Dụng,Financial Hub,Referral,23,27,30,15,2,,
Thanh Toán Thẻ Tín Dụng,Financial Hub,Paid,3,7,1,5,3,,
Thanh Toán Thẻ Tín Dụng,Financial Hub,Others,4,5,,5,,,
Chứng Chỉ Quỹ,Financial Hub,Organic,223,158,190,161,66,,
Chứng Chỉ Quỹ,Financial Hub,Direct,16,33,18,4,2,,
Chứng Chỉ Quỹ,Financial Hub,Referral,11,8,21,14,5,,
Chứng Chỉ Quỹ,Financial Hub,Others,6,7,8,3,1,,
Chứng Chỉ Quỹ,Financial Hub,Paid,,1,,3,4,,
Cinema_Landing Page,Cinema Hub,Organic,133,200,75,88,41,,
Cinema_Landing Page,Cinema Hub,Direct,7,15,8,5,6,,
Cinema_Landing Page,Cinema Hub,Others,2,5,,7,,,
Cinema_Landing Page,Cinema Hub,Referral,3,2,2,4,,,
Phí Không Dừng,Phí Không Dừng,Organic,,,,,398,,
Phí Không Dừng,Phí Không Dừng,Paid,,,,,87,,
Phí Không Dừng,Phí Không Dừng,Direct,,,,,37,,
Phí Không Dừng,Phí Không Dừng,Referral,,,,,16,,
Phí Không Dừng,Phí Không Dừng,Others,,,,,5,,
Student Hub,Student Hub,Organic,,,,199,176,,
Student Hub,Student Hub,Others,,,,44,14,,
Student Hub,Student Hub,Direct,,,,13,16,,
Student Hub,Student Hub,Referral,,,,6,14,,
Sàn Đầu Tư,Financial Hub,Organic,26,19,22,18,10,,
Sàn Đầu Tư,Financial Hub,Direct,1,3,3,4,5,,
Sàn Đầu Tư,Financial Hub,Referral,,,3,7,3,,
Sàn Đầu Tư,Financial Hub,Others,1,,,,,,
Grand Total,,,3273623,3408182,3167821,3465363,1870691,,
